drugbank_id,drug_name,retrieved_chunk_count,evidence_sentence_count,mechanisms,targets,pk,pd_effects,max_retrieval_score,mean_retrieval_score,evidence_available,mechanism_available,target_available
DB02530,gamma-Aminobutyric acid,1,0,,,,,0.7637560963630676,0.7637560963630676,False,False,False
DB14577,DB14577,0,0,,,,,,,False,False,False
DB01156,Bupropion,13,13,cyp_metabolism|protein_binding,cyp|dopamine_transporter|norepinephrine_transporter|serotonin_transporter,elimination|half_life|metabolism,hypertension,0.8852501511573792,0.8375341479594891,True,True,True
DB00513,Aminocaproic acid,9,8,,,absorption|elimination|metabolism,hypotension,0.8129892945289612,0.6993935638003879,True,False,False
DB09110,Coenzyme M,7,7,,,absorption|elimination|metabolism,sedation,0.8295305371284485,0.7356032303401402,True,False,False
DB11124,Racepinephrine,10,2,receptor_agonism,,,bradycardia,0.8419805765151978,0.7386345565319061,True,True,False
DB00339,Pyrazinamide,9,3,enzyme_inhibition|protein_binding,,absorption,,0.8097513318061829,0.6850506862004598,True,True,False
DB14546,DB14546,0,0,,,,,,,False,False,False
DB00252,Phenytoin,17,17,cyp_metabolism|ion_channel_blockade|protein_binding,cyp|sodium_channel,absorption|elimination|half_life|metabolism,bradycardia|hypotension,0.8752181529998779,0.7816264944918015,True,True,True
DB01193,Acebutolol,8,7,receptor_antagonism,,absorption|elimination|half_life|metabolism,bradycardia|hypotension,0.8358306288719177,0.7081051245331764,True,True,False
DB00316,Acetaminophen,11,7,cyp_metabolism,cyp,absorption|elimination|half_life|metabolism,,0.8513537645339966,0.7980861447074197,True,True,True
DB00819,Acetazolamide,7,0,,,,,0.8390343189239502,0.6548335637365069,False,False,False
DB01001,Salbutamol,12,8,protein_binding|receptor_agonism,,absorption|elimination|half_life|metabolism,hypertension|hypotension,0.8590279221534729,0.7807347824176153,True,True,False
DB00630,Alendronic acid,9,10,protein_binding,,absorption|elimination|metabolism,,0.8384749889373779,0.8127551211251153,True,True,False
DB00346,Alfuzosin,10,9,cyp_metabolism|protein_binding,cyp,absorption|elimination|half_life|metabolism,hypotension,0.8881015777587891,0.819070702791214,True,True,True
DB00969,Alosetron,5,6,cyp_metabolism|receptor_agonism|receptor_antagonism,cyp,elimination|metabolism,,0.8582274317741394,0.8094821214675904,True,True,True
DB00404,Alprazolam,12,16,cyp_metabolism|protein_binding|receptor_antagonism,cyp,absorption|elimination|half_life|metabolism,hypotension|sedation,0.8912732005119324,0.8095673968394598,True,True,True
DB00915,Amantadine,7,7,protein_binding|receptor_antagonism,,absorption|elimination|metabolism,hypertension|sedation,0.8437331318855286,0.745800793170929,True,True,False
DB01143,Amifostine,7,4,,,elimination|metabolism,,0.8522337079048157,0.7303587624004909,True,False,False
DB00277,Theophylline,7,5,,,absorption|elimination|metabolism,,0.8202730417251587,0.8034001077924456,True,False,False
DB00321,Amitriptyline,15,21,cyp_metabolism,cyp|serotonin_transporter,elimination|half_life|metabolism,hypotension|sedation,0.8952639102935791,0.8121027906735738,True,True,True
DB00381,Amlodipine,11,14,ion_channel_blockade|protein_binding,calcium_channel,absorption|elimination|half_life,hypertension|hypotension,0.8976086378097534,0.8275457999923013,True,True,True
DB00543,Amoxapine,7,7,,norepinephrine_transporter,elimination|metabolism,sedation,0.8549026250839233,0.8241727352142334,True,False,True
DB01217,Anastrozole,10,5,cyp_metabolism|protein_binding,cyp,absorption|elimination|half_life|metabolism,,0.8545318841934204,0.8086073517799377,True,True,True
DB00945,Acetylsalicylic acid,9,7,,,absorption|metabolism,sedation,0.8483214378356934,0.8143961429595947,True,False,False
DB00335,Atenolol,11,8,,beta_1_adrenergic_receptor,absorption|elimination|metabolism,bradycardia|hypertension,0.8768786191940308,0.8040703914382241,True,False,True
DB00993,Azathioprine,15,4,,,absorption|half_life|metabolism,,0.8787334561347961,0.8293081363042195,True,False,False
DB00548,Azelaic acid,5,2,,,absorption|elimination,,0.8470945358276367,0.8172548413276672,True,False,False
DB00972,Azelastine,9,7,cyp_metabolism|protein_binding|receptor_antagonism,cyp,absorption|elimination|half_life|metabolism,sedation,0.8652290105819702,0.8182899951934814,True,True,True
DB00181,Baclofen,9,10,protein_binding|receptor_agonism,,absorption|elimination|half_life,bradycardia|hypertension|sedation,0.84822678565979,0.802992946571774,True,True,False
DB00195,Betaxolol,7,7,,,absorption|elimination,bradycardia|hypertension|hypotension,0.8261094093322754,0.7295474920954023,True,False,False
DB01019,Bethanechol,6,0,,,,,0.8199334740638733,0.8030397494633993,False,False,False
DB01128,Bicalutamide,6,4,,,absorption|metabolism,,0.8614436388015747,0.8166500329971313,True,False,False
DB00612,Bisoprolol,10,11,cyp_metabolism,beta_1_adrenergic_receptor|cyp,absorption|elimination|half_life|metabolism,bradycardia|hypertension|hypotension,0.8692275285720825,0.8201363384723663,True,True,True
DB00484,Brimonidine,16,11,protein_binding|receptor_agonism,alpha_2_adrenergic_receptor,absorption|elimination|half_life|metabolism,bradycardia|hypertension|hypotension|sedation,0.8935556411743164,0.8313063308596611,True,True,True
DB00887,Bumetanide,6,4,,,absorption|elimination,,0.8799683451652527,0.7719197372595469,True,False,False
DB00490,Buspirone,12,11,cyp_metabolism|protein_binding|receptor_agonism,cyp,absorption|elimination|half_life|metabolism,sedation,0.8663087487220764,0.8394912381966909,True,True,True
DB01008,Busulfan,7,9,,,absorption|elimination|metabolism,,0.8488681316375732,0.813819408416748,True,False,False
DB00201,Caffeine,17,19,cyp_metabolism|protein_binding|receptor_antagonism,cyp,absorption|elimination|half_life|metabolism,hypotension|sedation,0.8676890134811401,0.8096107034122243,True,True,True
DB00661,Verapamil,11,13,cyp_metabolism|ion_channel_blockade|protein_binding,calcium_channel|cyp,absorption|elimination|half_life|metabolism,bradycardia|hypertension|hypotension|negative_inotropy,0.8868411779403687,0.8295645171945746,True,True,True
DB13919,Candesartan,1,1,,,,hypertension,0.8284050226211548,0.8284050226211548,True,False,False
DB00411,Carbamoylcholine,10,7,protein_binding,,absorption|elimination|half_life|metabolism,hypotension,0.9257093071937561,0.8369634509086609,True,True,False
DB00564,Carbamazepine,18,15,cyp_metabolism|protein_binding,cyp|sodium_channel,absorption|elimination|half_life|metabolism,hypertension|hypotension|sedation,0.8695863485336304,0.795448919137319,True,True,True
DB00395,Carisoprodol,10,7,cyp_metabolism,cyp,absorption|half_life|metabolism,hypotension|sedation,0.8786844611167908,0.8035232484340668,True,True,True
DB00262,Carmustine,8,1,,,absorption,,0.8118190169334412,0.6833178848028183,True,False,False
DB01136,Carvedilol,9,8,cyp_metabolism,calcium_channel|cyp,absorption|elimination|half_life,hypertension|hypotension,0.8342730402946472,0.8028254575199552,True,True,True
DB00482,Celecoxib,14,16,cyp_metabolism|enzyme_inhibition|protein_binding,cyp,absorption|elimination|half_life|metabolism,sedation,0.890229344367981,0.8120949268341064,True,True,True
DB00341,Cetirizine,7,10,protein_binding|receptor_antagonism,,absorption|elimination|metabolism,,0.8701538443565369,0.8143470202173505,True,True,False
DB00291,Chlorambucil,8,3,,,absorption|elimination|metabolism,,0.8704051971435547,0.6458314210176468,True,False,False
DB00608,Chloroquine,12,5,cyp_metabolism|protein_binding,cyp,absorption|half_life,,0.8511046767234802,0.7873279800017675,True,True,True
DB00880,Chlorothiazide,7,8,protein_binding,,elimination|metabolism,hypertension,0.8603178858757019,0.8067070501191276,True,True,False
DB01114,Chlorpheniramine,6,3,cyp_metabolism,cyp,,hypotension|sedation,0.8270472288131714,0.6914905707041422,True,True,True
DB00477,Chlorpromazine,8,11,cyp_metabolism,cyp|dopamine_transporter,absorption|elimination|metabolism,sedation,0.8475446105003357,0.7410368025302887,True,True,True
DB00672,Chlorpropamide,6,5,protein_binding,,absorption|elimination|metabolism,,0.8562352061271667,0.8074338535467783,True,True,False
DB00310,Chlorthalidone,6,6,ion_channel_blockade|protein_binding,calcium_channel,absorption,hypertension|hypotension,0.8423754572868347,0.7834314703941345,True,True,True
DB00356,Chlorzoxazone,7,5,,,absorption|elimination|metabolism,sedation,0.851974368095398,0.7385343398366656,True,False,False
DB01188,Ciclopirox,7,6,protein_binding,,absorption|elimination,,0.8861685395240784,0.7995030113628933,True,True,False
DB00501,Cimetidine,8,7,cyp_metabolism|enzyme_inhibition|receptor_antagonism,cyp,absorption|elimination|half_life|metabolism,,0.8528103828430176,0.8268197923898697,True,True,True
DB00537,Ciprofloxacin,11,5,cyp_metabolism,cyp,absorption|metabolism,,0.854800283908844,0.8017323775724932,True,True,True
DB00215,Citalopram,15,24,cyp_metabolism|protein_binding,cyp|serotonin_transporter,elimination|metabolism,qt_prolongation|sedation,0.8545517325401306,0.8011380354563395,True,True,True
DB00882,Clomifene,6,2,,,absorption|elimination,,0.8773900270462036,0.7896548906962076,True,False,False
DB01242,Clomipramine,11,24,cyp_metabolism|protein_binding,cyp|norepinephrine_transporter,absorption|elimination|half_life|metabolism,sedation,0.8431652784347534,0.8091331395235929,True,True,True
DB01068,Clonazepam,13,12,cyp_metabolism|protein_binding,cyp,absorption|elimination|half_life|metabolism,hypotension|sedation,0.8976991176605225,0.8148565200658945,True,True,True
DB00575,Clonidine,8,8,cyp_metabolism|protein_binding,cyp|potassium_channel,absorption|elimination|metabolism,hypertension|sedation,0.8954436779022217,0.8275859951972961,True,True,True
DB00257,Clotrimazole,7,3,,lanosterol_14_alpha_demethylase,absorption,,0.8703537583351135,0.7910502127238682,True,False,True
DB00924,Cyclobenzaprine,10,8,cyp_metabolism,cyp,absorption|elimination|half_life|metabolism,hypotension|sedation,0.8913547396659851,0.8527030885219574,True,True,True
DB00531,Cyclophosphamide,7,5,cyp_metabolism,cyp,elimination|metabolism,,0.881771981716156,0.8207353608948844,True,True,True
DB00250,Dapsone,7,1,,,absorption,,0.8345239162445068,0.7684210624013629,True,False,False
DB00746,Deferoxamine,5,6,,,absorption|elimination|metabolism,,0.8587980270385742,0.8214850783348083,True,False,False
DB01151,Desipramine,7,12,cyp_metabolism,cyp|norepinephrine_transporter,absorption|elimination|metabolism,hypertension|hypotension|sedation,0.8597062826156616,0.831505537033081,True,True,True
DB00182,Amphetamine,12,10,cyp_metabolism|protein_binding|transporter_activity,cyp|dopamine_transporter,absorption|elimination|half_life|metabolism,,0.8869330286979675,0.8074866135915121,True,True,True
DB00829,Diazepam,10,22,cyp_metabolism|protein_binding,cyp,absorption|elimination|half_life|metabolism,bradycardia|hypotension|sedation,0.8409084677696228,0.8157392978668213,True,True,True
DB00804,Dicyclomine,9,5,protein_binding|receptor_antagonism,,absorption|elimination|metabolism,sedation,0.8975783586502075,0.8328802982966105,True,True,False
DB00861,Diflunisal,6,4,,,elimination|metabolism,sedation,0.8488591313362122,0.8061003188292185,True,False,False
DB00975,Dipyridamole,5,2,,,elimination|metabolism,,0.85284024477005,0.8085936546325684,True,False,False
DB00280,Disopyramide,6,2,,,absorption|elimination|metabolism,,0.8540565371513367,0.7499890128771464,True,False,False
DB00822,Disulfiram,6,8,,,absorption|elimination|metabolism,hypotension|sedation,0.8280843496322632,0.773045668999354,True,False,False
DB00313,Valproic acid,10,9,,sodium_channel,absorption|elimination|metabolism,sedation,0.8344135284423828,0.7776425659656525,True,False,True
DB00843,Donepezil,10,9,cyp_metabolism|enzyme_inhibition|protein_binding,cyp,absorption|elimination|half_life|metabolism,bradycardia|hypotension,0.8857864141464233,0.8196065187454223,True,True,True
DB00590,Doxazosin,10,11,cyp_metabolism|protein_binding,cyp,absorption|elimination|half_life|metabolism,hypertension|hypotension|sedation,0.8861379623413086,0.8270142197608947,True,True,True
DB01142,Doxepin,14,17,cyp_metabolism|protein_binding,cyp|norepinephrine_transporter,absorption|elimination|metabolism,hypotension|sedation,0.8664273023605347,0.7909868359565735,True,True,True
DB00450,Droperidol,7,5,receptor_antagonism,,absorption|metabolism,hypotension|sedation,0.8353716135025024,0.7446799618857247,True,True,False
DB01127,Econazole,7,2,cyp_metabolism,cyp,absorption,,0.8678847551345825,0.7131451623780387,True,True,True
DB01215,Estazolam,7,9,cyp_metabolism,cyp,absorption|elimination|half_life|metabolism,,0.876121997833252,0.8114513754844666,True,True,True
DB00903,Etacrynic acid,7,0,,,,,0.7780411839485168,0.6749636616025653,False,False,False
DB00593,Ethosuximide,7,2,cyp_metabolism,cyp,absorption,,0.8111435770988464,0.6582220281873431,True,True,True
DB01077,Etidronic acid,6,4,,,absorption|half_life|metabolism,,0.8723754286766052,0.8051386972268423,True,False,False
DB00749,Etodolac,7,10,enzyme_inhibition,,absorption|elimination|metabolism,sedation,0.87141352891922,0.826925345829555,True,True,False
DB00426,Famciclovir,8,5,,,absorption|elimination|metabolism,,0.8111383318901062,0.7051370814442635,True,False,False
DB01023,Felodipine,6,5,ion_channel_blockade,calcium_channel,,hypertension,0.8638785481452942,0.8431379596392313,True,True,True
DB01039,Fenofibrate,9,3,protein_binding,,half_life|metabolism,,0.8508009910583496,0.8260264264212714,True,True,False
DB00813,Fentanyl,9,5,cyp_metabolism|protein_binding,cyp,elimination|half_life|metabolism,bradycardia|hypotension|sedation,0.8476306796073914,0.7887821594874064,True,True,True
DB00950,Fexofenadine,9,10,protein_binding,,absorption|elimination|metabolism,sedation,0.8613376021385193,0.8269325229856703,True,True,False
DB00196,Fluconazole,14,10,cyp_metabolism|protein_binding,cyp|lanosterol_14_alpha_demethylase,absorption|elimination|metabolism,,0.8997969627380371,0.8127760674272265,True,True,True
DB00623,Fluphenazine,5,1,,,metabolism,,0.8537787795066833,0.7012850165367126,True,False,False
DB01205,Flumazenil,7,4,receptor_antagonism,,elimination|metabolism,,0.8518025875091553,0.8133833919252668,True,True,False
DB00544,Fluorouracil,8,3,,,elimination|metabolism,,0.8761239647865295,0.7929095029830933,True,False,False
DB00472,Fluoxetine,9,4,cyp_metabolism|transporter_activity,cyp,absorption|metabolism,sedation,0.889579713344574,0.8338536951276991,True,True,True
DB00690,Flurazepam,6,7,,,absorption|elimination|half_life|metabolism,,0.8458549976348877,0.819981187582016,True,False,False
DB00712,Flurbiprofen,12,9,cyp_metabolism,cyp,absorption|elimination|metabolism,,0.8583002090454102,0.7992455114920934,True,True,True
DB00499,Flutamide,6,3,,,elimination|half_life|metabolism,,0.8358622789382935,0.8101723988850912,True,False,False
DB00983,Formoterol,9,8,cyp_metabolism,cyp,absorption|elimination|half_life|metabolism,hypotension,0.8639405965805054,0.8094115720854865,True,True,True
DB00695,Furosemide,9,10,protein_binding,,absorption|elimination|half_life|metabolism,hypertension,0.860528290271759,0.8138699067963494,True,True,False
DB00996,Gabapentin,11,7,protein_binding,,absorption|elimination|half_life|metabolism,sedation,0.8514374494552612,0.8084290190176531,True,True,False
DB01241,Gemfibrozil,10,5,cyp_metabolism,cyp,absorption|elimination|half_life|metabolism,,0.8623944520950317,0.8139408528804779,True,True,True
DB00798,Gentamicin,11,4,protein_binding,,elimination|half_life|metabolism,,0.892745852470398,0.7953251166777178,True,True,False
DB01067,Glipizide,11,9,,potassium_channel,absorption|elimination|half_life|metabolism,,0.8584473729133606,0.8114692677151073,True,False,True
DB01016,Glyburide,8,2,cyp_metabolism,cyp,elimination|metabolism,,0.8322356939315796,0.8120268136262894,True,True,True
DB00986,Glycopyrronium,8,3,cyp_metabolism,cyp,half_life|metabolism,bradycardia,0.8788053393363953,0.8337490856647491,True,True,True
DB00874,Guaifenesin,9,10,protein_binding|receptor_antagonism,,absorption|elimination|half_life|metabolism,,0.872122049331665,0.817776170041826,True,True,False
DB00502,Haloperidol,17,17,cyp_metabolism,cyp,absorption|elimination|half_life|metabolism,hypotension|sedation,0.874487578868866,0.8155434096560759,True,True,True
DB01159,Halothane,7,1,cyp_metabolism,cyp,metabolism,,0.8611353635787964,0.7868822813034058,True,True,True
DB01275,Hydralazine,13,6,,,absorption|elimination|half_life|metabolism,hypertension,0.854494035243988,0.7812525033950806,True,False,False
DB00999,Hydrochlorothiazide,11,9,enzyme_inhibition,angiotensin_ii_receptor,absorption|elimination|half_life|metabolism,hypertension|hypotension,0.8725173473358154,0.818166662346233,True,True,True
DB01611,Hydroxychloroquine,12,4,cyp_metabolism,cyp,absorption|elimination|half_life|metabolism,,0.8301882147789001,0.7969624499479929,True,True,True
DB01005,Hydroxyurea,9,4,transporter_activity,ribonucleotide_reductase,absorption|elimination,,0.8115260601043701,0.6948977841271294,True,True,True
DB00557,Hydroxyzine,11,10,cyp_metabolism|protein_binding|receptor_agonism|receptor_antagonism,cyp,absorption|elimination|half_life|metabolism,hypotension|qt_prolongation|sedation,0.8753955960273743,0.8180741288445212,True,True,True
DB01050,Ibuprofen,15,13,cyp_metabolism|protein_binding,cyp,absorption|elimination|half_life|metabolism,sedation,0.8514094948768616,0.7902127623558044,True,True,True
DB00780,Phenelzine,9,6,protein_binding,,absorption|elimination|half_life|metabolism,,0.8874816298484802,0.8251891732215881,True,True,False
DB00281,Lidocaine,15,26,protein_binding,,absorption|elimination|half_life|metabolism,bradycardia|hypotension,0.8671507239341736,0.8103272358576457,True,True,False
DB01181,Ifosfamide,8,12,cyp_metabolism|protein_binding,cyp,elimination|half_life|metabolism,,0.8849679827690125,0.8428723216056824,True,True,True
DB00458,Imipramine,8,16,cyp_metabolism|protein_binding|transporter_activity,cyp|norepinephrine_transporter|serotonin_transporter,elimination|half_life|metabolism,sedation,0.8572699427604675,0.8150467649102211,True,True,True
DB00808,Indapamide,10,8,cyp_metabolism,cyp,absorption|elimination|half_life|metabolism,hypertension|hypotension|qt_prolongation,0.8596235513687134,0.8157860457897186,True,True,True
DB00328,Indomethacin,13,7,enzyme_inhibition,,absorption|elimination|half_life|metabolism,,0.8660016059875488,0.8041566426937397,True,True,False
DB01249,Iodixanol,5,1,,,elimination,,0.8402785658836365,0.8291526913642884,True,False,False
DB01362,Iohexol,6,2,,,absorption|elimination|metabolism,,0.8505237698554993,0.8189156552155813,True,False,False
DB09156,Iopromide,7,5,protein_binding,,elimination|half_life|metabolism,,0.8788140416145325,0.8271077871322632,True,True,False
DB09134,Ioversol,8,5,,,elimination|half_life|metabolism,,0.869997501373291,0.8295045867562294,True,False,False
DB01029,Irbesartan,9,7,cyp_metabolism|enzyme_inhibition,angiotensin_ii_receptor|cyp,absorption|elimination|half_life|metabolism,hypertension,0.854886531829834,0.8222562538252937,True,True,True
DB00753,Isoflurane,12,1,,potassium_channel,,,0.8381444215774536,0.7193947235743204,True,False,True
DB00951,Isoniazid,7,6,cyp_metabolism,cyp,absorption|elimination|metabolism,hypotension,0.8354958295822144,0.7955677424158368,True,True,True
DB00270,Isradipine,5,4,ion_channel_blockade,calcium_channel,absorption|metabolism,hypertension|hypotension,0.8410642743110657,0.8099052786827088,True,True,True
DB01221,Ketamine,9,8,protein_binding|receptor_antagonism,,absorption|elimination|half_life|metabolism,,0.8837535977363586,0.8245156738493178,True,True,False
DB01009,Ketoprofen,6,3,,,absorption|elimination|metabolism,sedation,0.8376173973083496,0.8037956953048706,True,False,False
DB00465,Ketorolac,10,5,cyp_metabolism,cyp,absorption|elimination|metabolism,hypertension|sedation,0.8850252032279968,0.8223338067531586,True,True,True
DB00920,Ketotifen,10,8,protein_binding,cyp,elimination|half_life|metabolism,hypotension|sedation,0.8756445646286011,0.8182943105697632,True,True,True
DB00598,Labetalol,8,4,,,absorption|half_life|metabolism,hypertension,0.8694503903388977,0.8301278874278069,True,False,False
DB00555,Lamotrigine,11,12,protein_binding,sodium_channel,absorption|elimination|half_life|metabolism,,0.8567332625389099,0.824253418228843,True,True,True
DB00448,Lansoprazole,13,13,cyp_metabolism,cyp|h_k_atpase,absorption|elimination|half_life|metabolism,,0.852234959602356,0.8079509826806875,True,True,True
DB01097,Leflunomide,7,6,,,elimination|metabolism,,0.867811381816864,0.8289609551429749,True,False,False
DB01006,Letrozole,9,5,cyp_metabolism,cyp,elimination|half_life|metabolism,qt_prolongation,0.875340461730957,0.8221187988917033,True,True,True
DB00455,Loratadine,10,9,cyp_metabolism|protein_binding,cyp,absorption|elimination|half_life|metabolism,sedation,0.8822169899940491,0.8332826316356658,True,True,True
DB00186,Lorazepam,10,8,,cyp,absorption|elimination|half_life|metabolism,sedation,0.8742789626121521,0.8231262862682343,True,False,True
DB00678,Losartan,10,10,cyp_metabolism|protein_binding,angiotensin_ii_receptor|cyp,elimination|half_life|metabolism,bradycardia|hypertension|hypotension,0.8432130813598633,0.8091690361499786,True,True,True
DB00408,Loxapine,8,1,,,absorption,,0.8204060792922974,0.6850788816809654,True,False,False
DB00934,Maprotiline,5,9,,norepinephrine_transporter,metabolism,hypotension|sedation,0.8543184399604797,0.7943670988082886,True,False,True
DB00737,Meclizine,8,10,cyp_metabolism|protein_binding,cyp,absorption|elimination|half_life|metabolism,hypotension|sedation,0.9004393815994263,0.8375654146075249,True,True,True
DB00784,Mefenamic acid,5,5,cyp_metabolism,cyp,absorption|elimination|half_life|metabolism,,0.8755016326904297,0.8483290195465087,True,True,True
DB00358,Mefloquine,8,7,cyp_metabolism,cyp,absorption|elimination|half_life|metabolism,,0.9031562805175781,0.8288383036851883,True,True,True
DB01043,Memantine,8,15,enzyme_inhibition|protein_binding|receptor_antagonism,,absorption|elimination|half_life|metabolism,,0.8753093481063843,0.8016872555017471,True,True,False
DB00454,Meperidine,6,11,protein_binding|receptor_agonism,,absorption|elimination|metabolism,,0.8449685573577881,0.7976100544134775,True,True,False
DB00371,Meprobamate,5,4,,,metabolism,sedation,0.9545173048973083,0.8360493421554566,True,False,False
DB00244,Mesalazine,12,11,protein_binding,,absorption|elimination|half_life|metabolism,,0.84192955493927,0.7996348639329275,True,True,False
DB00331,Metformin,15,15,protein_binding,,absorption|elimination|half_life|metabolism,hypotension|sedation,0.8571246266365051,0.808682386080424,True,True,False
DB00333,Methadone,16,23,cyp_metabolism|protein_binding|receptor_agonism|receptor_antagonism,cyp,absorption|elimination|half_life|metabolism,bradycardia|hypotension|qt_prolongation|sedation,0.8804163932800293,0.8234350420534611,True,True,True
DB00423,Methocarbamol,7,2,,,elimination|metabolism,hypotension|sedation,0.8605127334594727,0.8202993869781494,True,False,False
DB00422,Methylphenidate,14,13,protein_binding,dopamine_transporter,absorption|elimination|metabolism,,0.8590905666351318,0.8326978726046426,True,True,True
DB01233,Metoclopramide,9,7,cyp_metabolism|protein_binding,cyp,absorption|elimination|half_life|metabolism,sedation,0.8840296268463135,0.8288714223437839,True,True,True
DB00524,Metolazone,8,6,protein_binding,,absorption|elimination|metabolism,sedation,0.8265101313591003,0.6723879724740982,True,True,False
DB00264,Metoprolol,14,16,cyp_metabolism|protein_binding,cyp,absorption|elimination|half_life|metabolism,bradycardia|hypotension,0.8867291808128357,0.8031842155115945,True,True,True
DB00916,Metronidazole,10,8,protein_binding,,absorption|elimination|half_life|metabolism,,0.8736050724983215,0.8205457270145416,True,True,False
DB00379,Mexiletine,9,4,cyp_metabolism,cyp,absorption|elimination,bradycardia|hypotension,0.817552924156189,0.685377836227417,True,True,True
DB01110,Miconazole,9,7,,cyp,absorption|elimination|half_life|metabolism,,0.8636597394943237,0.8245048787858751,True,False,True
DB00683,Midazolam,12,22,cyp_metabolism,cyp,absorption|elimination|half_life|metabolism,hypotension|sedation,0.8678205013275146,0.8256009072065353,True,True,True
DB00211,Midodrine,7,10,receptor_agonism,,absorption|half_life|metabolism,hypertension|hypotension,0.8202924132347107,0.7483880775315421,True,True,False
DB00370,Mirtazapine,12,8,cyp_metabolism|protein_binding|receptor_antagonism,cyp,absorption|elimination|metabolism,hypotension|sedation,0.8818618059158325,0.8231575787067413,True,True,True
DB00648,Mitotane,9,5,,,absorption|elimination|metabolism,,0.8143489360809326,0.6400317615932889,True,False,False
DB01204,Mitoxantrone,6,1,,,absorption,,0.8242681622505188,0.6969090898831686,True,False,False
DB00745,Modafinil,9,5,,alpha_1b_adrenergic_receptor|dopamine_transporter|norepinephrine_transporter,absorption|elimination|metabolism,,0.8555777072906494,0.6893337236510383,True,False,True
DB00461,Nabumetone,7,9,cyp_metabolism|protein_binding,cyp,absorption|metabolism,hypertension|sedation,0.8180010318756104,0.7803008386066982,True,True,True
DB00952,Naratriptan,5,3,cyp_metabolism|receptor_agonism,cyp,metabolism,,0.8741630911827087,0.8138179063796998,True,True,True
DB01149,Nefazodone,5,4,,,absorption|elimination|metabolism,sedation,0.8493479490280151,0.8236844420433045,True,False,False
DB00238,Nevirapine,6,6,cyp_metabolism,cyp,absorption|elimination|metabolism,,0.8680753707885742,0.8411907354990641,True,True,True
DB01115,Nifedipine,10,7,cyp_metabolism|ion_channel_blockade,calcium_channel|cyp,absorption|elimination|half_life|metabolism,hypertension|hypotension,0.8542069792747498,0.8119680762290955,True,True,True
DB00393,Nimodipine,6,5,ion_channel_blockade,calcium_channel,absorption|metabolism,,0.8900721073150635,0.8294193744659424,True,True,True
DB00401,Nisoldipine,6,11,cyp_metabolism|enzyme_inhibition|ion_channel_blockade,calcium_channel|cyp,absorption|metabolism,hypertension,0.8822336196899414,0.8364296952883402,True,True,True
DB01595,Nitrazepam,6,4,,,absorption,sedation,0.8662806749343872,0.7560816804567972,True,False,False
DB00727,Nitroglycerin,9,11,protein_binding,,absorption|metabolism,hypertension|hypotension,0.8640575408935547,0.8129913409550985,True,True,False
DB00585,Nizatidine,7,4,receptor_antagonism,,absorption|elimination|metabolism,,0.8350764513015747,0.7282711437770298,True,True,False
DB01059,Norfloxacin,8,4,enzyme_inhibition|protein_binding,,elimination|metabolism,,0.8342942595481873,0.7744757011532784,True,True,False
DB09389,Norgestrel,4,2,cyp_metabolism,cyp,metabolism,,0.8054879307746887,0.7690101116895676,True,True,True
DB00540,Nortriptyline,12,12,cyp_metabolism|protein_binding,cyp|dopamine_transporter,absorption|elimination|half_life|metabolism,hypotension,0.9220905303955078,0.8278253873189291,True,True,True
DB01165,Ofloxacin,7,3,,,absorption|elimination,,0.8543652296066284,0.7948186312402997,True,False,False
DB00338,Omeprazole,13,20,cyp_metabolism|receptor_antagonism,cyp|h_k_atpase,absorption|elimination|metabolism,sedation,0.8786380290985107,0.8033764270635751,True,True,True
DB00904,Ondansetron,11,22,cyp_metabolism|protein_binding|receptor_agonism|receptor_antagonism,cyp,absorption|elimination|half_life|metabolism,hypotension|qt_prolongation|sedation,0.864004373550415,0.8119772184978832,True,True,True
DB01173,Orphenadrine,6,2,,,absorption|metabolism,,0.8182067275047302,0.7671821514765421,True,False,False
DB00991,Oxaprozin,6,7,,,absorption|elimination|metabolism,,0.8755055665969849,0.8472017447153727,True,False,False
DB00842,Oxazepam,9,5,,,absorption|elimination|half_life|metabolism,hypotension|sedation,0.8363022208213806,0.813930074373881,True,False,False
DB01062,Oxybutynin,9,8,cyp_metabolism|protein_binding,cyp,absorption|elimination|metabolism,sedation,0.8726778626441956,0.819741341802809,True,True,True
DB00282,Pamidronic acid,9,3,,,elimination|half_life|metabolism,hypotension,0.8246400952339172,0.7372949653201633,True,False,False
DB00213,Pantoprazole,15,27,cyp_metabolism|receptor_antagonism,cyp|h_k_atpase,absorption|elimination|metabolism,,0.8832146525382996,0.8011277874310812,True,True,True
DB01230,Pemoline,6,4,protein_binding,,absorption|elimination|half_life,,0.864257276058197,0.7729381720225016,True,True,False
DB00806,Pentoxifylline,11,6,,,absorption|elimination|half_life|metabolism,hypotension|sedation,0.8617481589317322,0.8164431398565118,True,False,False
DB00850,Perphenazine,6,3,receptor_antagonism,,metabolism,hypotension,0.8626412153244019,0.7839286228020986,True,True,False
DB00191,Phentermine,9,8,protein_binding,,absorption|elimination|half_life|metabolism,hypertension|hypotension|qt_prolongation|sedation,0.9012808799743652,0.8338607019848294,True,True,False
DB00960,Pindolol,8,7,,,absorption|half_life|metabolism,bradycardia|hypertension,0.8353688716888428,0.8067259192466736,True,False,False
DB01132,Pioglitazone,10,6,cyp_metabolism|protein_binding,cyp,absorption|elimination|half_life|metabolism,,0.8669054508209229,0.8142831146717071,True,True,True
DB01291,Pirbuterol,6,0,,,,,0.8670052289962769,0.7298831741015116,False,False,False
DB00761,Potassium chloride,9,3,,,absorption|elimination,,0.7807373404502869,0.7433056632677714,True,False,False
DB00457,Prazosin,8,7,,,elimination|metabolism,hypertension|sedation,0.8698697686195374,0.810320571064949,True,False,False
DB00794,Primidone,10,5,cyp_metabolism,calcium_channel|cyp,half_life|metabolism,hypotension,0.8786839246749878,0.8081678509712219,True,True,True
DB01032,Probenecid,6,2,,,elimination,,0.8252742290496826,0.7327536841233572,True,False,False
DB01035,Procainamide,9,2,ion_channel_blockade,sodium_channel,elimination,,0.8325377702713013,0.6918628546926711,True,True,True
DB00433,Prochlorperazine,12,12,cyp_metabolism|protein_binding|receptor_antagonism,cyp,absorption|elimination|metabolism,hypotension|sedation,0.8911508917808533,0.8337262272834778,True,True,True
DB01069,Promethazine,10,7,cyp_metabolism,cyp,elimination|half_life|metabolism,sedation,0.8604280352592468,0.8163505792617798,True,True,True
DB01182,Propafenone,5,2,,,elimination|metabolism,,0.8662446737289429,0.8265079498291016,True,False,False
DB00818,Propofol,8,4,cyp_metabolism,cyp,metabolism,sedation,0.850104808807373,0.7248041853308678,True,True,True
DB00571,Propranolol,11,8,protein_binding|receptor_antagonism,,absorption|elimination|half_life|metabolism,bradycardia|hypertension|hypotension,0.8544312715530396,0.8115654425187544,True,True,False
DB00545,Pyridostigmine,10,9,protein_binding,,absorption|elimination|metabolism,bradycardia,0.8567447066307068,0.8234525084495544,True,True,False
DB00205,Pyrimethamine,6,1,,,absorption,,0.859756588935852,0.7399643361568451,True,False,False
DB01589,Quazepam,6,2,,,absorption,sedation,0.834046483039856,0.733639140923818,True,False,False
DB01224,Quetiapine,10,14,cyp_metabolism|protein_binding,cyp|norepinephrine_transporter,absorption|half_life|metabolism,hypotension|sedation,0.9299999475479126,0.8308359384536743,True,True,True
DB01129,Rabeprazole,7,5,receptor_antagonism,h_k_atpase,half_life,,0.8363862037658691,0.729952701500484,True,True,True
DB00481,Raloxifene,17,11,cyp_metabolism|protein_binding|receptor_antagonism,cyp,absorption|elimination|half_life|metabolism,hypertension,0.8762734532356262,0.7973412766176111,True,True,True
DB00740,Riluzole,6,6,cyp_metabolism,cyp,absorption|elimination|half_life|metabolism,,0.8777577877044678,0.8091659247875214,True,True,True
DB00734,Risperidone,10,9,cyp_metabolism|protein_binding,cyp,absorption|elimination|metabolism,,0.8573519587516785,0.8221337616443634,True,True,True
DB00953,Rizatriptan,6,8,receptor_agonism,,absorption|elimination|metabolism,,0.8728188276290894,0.8300669888655344,True,True,False
DB00533,Rofecoxib,6,8,cyp_metabolism,cyp,absorption|half_life|metabolism,,0.9006065726280212,0.8368093470732371,True,True,True
DB00268,Ropinirole,9,16,cyp_metabolism,cyp,absorption|elimination|metabolism,bradycardia|hypotension|sedation,0.8682183027267456,0.8054184648725722,True,True,True
DB00938,Salmeterol,10,5,cyp_metabolism|receptor_agonism,cyp,half_life|metabolism,hypertension|hypotension,0.8355941772460938,0.8017983973026276,True,True,True
DB01236,Sevoflurane,12,10,cyp_metabolism|protein_binding,cyp,absorption|elimination|half_life|metabolism,bradycardia|qt_prolongation,0.8796299695968628,0.8116068989038467,True,True,True
DB01105,Sibutramine,6,9,cyp_metabolism,cyp|dopamine_transporter|norepinephrine_transporter,absorption|elimination|metabolism,,0.8569549322128296,0.819943348566691,True,True,True
DB00359,Sulfadiazine,7,3,,,absorption|elimination|metabolism,,0.8414729833602905,0.7733132839202881,True,False,False
DB09153,Sodium chloride,7,5,,,absorption|metabolism,hypertension,0.8368483781814575,0.7577393651008606,True,False,False
DB00884,Risedronic acid,7,4,,,elimination|half_life|metabolism,,0.8472059369087219,0.8197817461831229,True,False,False
DB00489,Sotalol,11,7,protein_binding,potassium_channel,absorption|elimination|metabolism,bradycardia|hypotension|negative_inotropy,0.8323439955711365,0.7974813797257163,True,True,True
DB00619,Imatinib,13,9,cyp_metabolism,cyp,absorption|elimination|metabolism,,0.8466287851333618,0.8009600685192988,True,True,True
DB00669,Sumatriptan,9,4,receptor_agonism,,absorption|elimination|metabolism,,0.8641607761383057,0.8150544034110175,True,True,False
DB01044,Gatifloxacin,5,3,enzyme_inhibition,,absorption|elimination|metabolism,,0.8444425463676453,0.8332881689071655,True,True,False
DB00799,Tazarotene,9,8,protein_binding,,absorption|elimination|half_life|metabolism,,0.8276800513267517,0.7957940631442599,True,True,False
DB00231,Temazepam,13,18,protein_binding,cyp,absorption|elimination|half_life|metabolism,hypotension|sedation,0.8715416193008423,0.7973126035470229,True,True,True
DB00853,Temozolomide,11,10,cyp_metabolism|protein_binding,cyp,absorption|elimination|half_life|metabolism,,0.8661116361618042,0.8106751496141608,True,True,True
DB01162,Terazosin,7,6,protein_binding,,half_life|metabolism,hypertension|hypotension,0.8465828895568848,0.8097446816308158,True,True,False
DB01041,Thalidomide,10,10,cyp_metabolism,cyp,absorption|elimination|half_life|metabolism,sedation,0.866786003112793,0.8186487495899201,True,True,True
DB04572,Thiotepa,7,2,cyp_metabolism,cyp,metabolism,,0.8384575247764587,0.6968760916164943,True,True,True
DB00208,Ticlopidine,7,5,,,absorption|metabolism,,0.8582824468612671,0.8096604006631034,True,False,False
DB01007,Tioconazole,5,4,cyp_metabolism,cyp,absorption|metabolism,,0.8522602915763855,0.8221062541007995,True,True,True
DB00697,Tizanidine,8,16,cyp_metabolism|receptor_agonism,alpha_2_adrenergic_receptor|cyp,absorption|elimination|metabolism,hypertension,0.8751086592674255,0.7951473891735077,True,True,True
DB01124,Tolbutamide,8,8,protein_binding,,absorption|elimination|metabolism,,0.8469810485839844,0.7927452176809311,True,True,False
DB00752,Tranylcypromine,8,5,,,absorption,hypertension|hypotension|sedation,0.7962712645530701,0.7137570530176163,True,False,False
DB00656,Trazodone,10,13,cyp_metabolism|protein_binding|receptor_antagonism,cyp|serotonin_transporter,absorption|elimination|half_life|metabolism,bradycardia|hypotension,0.8879334926605225,0.8183531880378723,True,True,True
DB00897,Triazolam,6,3,cyp_metabolism,cyp,elimination|half_life|metabolism,,0.835626482963562,0.7902292907238007,True,True,True
DB00376,Trihexyphenidyl,9,6,protein_binding|receptor_antagonism,,absorption|elimination|half_life|metabolism,,0.8748875260353088,0.8320629331800673,True,True,False
DB00440,Trimethoprim,10,5,cyp_metabolism|protein_binding,cyp,elimination|half_life|metabolism,,0.8607040047645569,0.8159242451190949,True,True,True
DB00726,Trimipramine,20,21,cyp_metabolism,cyp,metabolism,hypotension|sedation,0.888799786567688,0.7818419188261032,True,True,True
DB00809,Tropicamide,8,2,protein_binding,,half_life,,0.9126416444778442,0.8173545822501183,True,True,False
DB00285,Venlafaxine,15,20,cyp_metabolism|protein_binding,cyp|dopamine_transporter|norepinephrine_transporter,absorption|metabolism,hypotension|qt_prolongation|sedation,0.8709280490875244,0.8112412452697754,True,True,True
DB00549,Zafirlukast,9,6,receptor_antagonism,,absorption|elimination,,0.8653144240379333,0.695497559176551,True,True,False
DB00962,Zaleplon,8,8,protein_binding,,absorption|elimination|metabolism,sedation,0.8567156195640564,0.82215815782547,True,True,False
DB00425,Zolpidem,13,12,cyp_metabolism,cyp,absorption|elimination|half_life|metabolism,sedation,0.8608642816543579,0.7915794895245478,True,True,True
DB00909,Zonisamide,10,12,cyp_metabolism|protein_binding,calcium_channel|cyp,absorption|elimination|half_life|metabolism,bradycardia|hypotension,0.8940118551254272,0.8297743618488311,True,True,True
DB01198,Zopiclone,6,5,cyp_metabolism,cyp,elimination|metabolism,sedation,0.8212175369262695,0.7880856990814209,True,True,True
DB00305,Mitomycin,5,1,,,elimination,,0.8532912731170654,0.8134242296218872,True,False,False
DB00621,Oxandrolone,7,0,,,,,0.8717341423034668,0.7148030485425677,False,False,False
DB00541,Vincristine,8,6,cyp_metabolism,cyp,elimination|metabolism,,0.8619640469551086,0.7980993241071701,True,True,True
DB01223,Aminophylline,5,4,cyp_metabolism,cyp,absorption|elimination|metabolism,,0.825763463973999,0.7727639198303222,True,True,True
DB00632,Docosanol,6,1,,,absorption,,0.823241651058197,0.7070211271444956,True,False,False
DB00570,Vinblastine,5,3,cyp_metabolism,cyp,metabolism,,0.8828592896461487,0.8102431297302246,True,True,True
DB01169,Arsenic trioxide,5,2,,,elimination|metabolism,,0.8627094626426697,0.8035464525222779,True,False,False
DB00594,Amiloride,6,4,,,elimination|metabolism,hypertension,0.8433833122253418,0.8250155051549276,True,False,False
DB01020,Isosorbide mononitrate,9,13,protein_binding,,absorption|elimination|half_life|metabolism,bradycardia|hypotension,0.8993391990661621,0.8652593029869927,True,True,False
DB00776,Oxcarbazepine,13,8,cyp_metabolism|protein_binding,cyp,absorption|elimination|metabolism,qt_prolongation,0.8605104684829712,0.8229213448671194,True,True,True
DB00841,Dobutamine,6,0,,,,,0.8278501629829407,0.6802198886871338,False,False,False
DB01339,Vecuronium,5,1,,,elimination,,0.8408510684967041,0.7642748475074768,True,False,False
DB00708,Sufentanil,11,13,cyp_metabolism|protein_binding|receptor_agonism,cyp,absorption|elimination|half_life|metabolism,bradycardia|hypotension|sedation,0.8608759641647339,0.8175211169502952,True,True,True
DB00214,Torasemide,10,7,cyp_metabolism|protein_binding,cyp,absorption|elimination|half_life|metabolism,hypotension|sedation,0.8505390882492065,0.8258101403713226,True,True,True
DB01189,Desflurane,10,5,cyp_metabolism,cyp,elimination|half_life|metabolism,qt_prolongation,0.8540669679641724,0.7975685358047485,True,True,True
DB00732,Atracurium besylate,6,3,,,elimination|half_life,hypotension,0.8003554940223694,0.6621175309022268,True,False,False
DB00802,Alfentanil,9,5,receptor_agonism,,elimination|metabolism,sedation,0.8452290296554565,0.6782981091075473,True,True,False
DB00419,Miglustat,7,2,enzyme_inhibition,,half_life,,0.8426845073699951,0.8027907865388053,True,True,False
DB00641,Simvastatin,17,8,cyp_metabolism|enzyme_inhibition,cyp,absorption|metabolism,,0.8618882894515991,0.805636952905094,True,True,True
DB11868,Etiracetam,1,0,,,,,0.7638775706291199,0.7638775706291199,False,False,False
DB01238,Aripiprazole,10,9,cyp_metabolism,cyp,half_life|metabolism,hypotension,0.8866177201271057,0.8175652742385864,True,True,True
DB00899,Remifentanil,5,4,receptor_agonism,,elimination|half_life|metabolism,sedation,0.8414045572280884,0.8256827473640442,True,True,False
DB00710,Ibandronate,8,4,protein_binding,,half_life|metabolism,,0.8813239336013794,0.8356660604476929,True,True,False
DB00879,Emtricitabine,9,4,protein_binding,,absorption|half_life|metabolism,,0.8545641899108887,0.8266728785302904,True,True,False
DB01101,Capecitabine,10,4,,,elimination|metabolism,,0.889513373374939,0.8011412501335144,True,False,False
DB00966,Telmisartan,8,11,cyp_metabolism|protein_binding|receptor_antagonism,angiotensin_ii_receptor|cyp,absorption|metabolism,bradycardia|hypertension|hypotension,0.865024745464325,0.8135354518890381,True,True,True
DB00204,Dofetilide,6,3,cyp_metabolism,cyp,metabolism,,0.8605892062187195,0.7566226025422415,True,True,True
DB00582,Voriconazole,14,22,cyp_metabolism|protein_binding,cyp,absorption|elimination|half_life|metabolism,qt_prolongation,0.8675678372383118,0.8036917618342808,True,True,True
DB00998,Frovatriptan,7,8,cyp_metabolism|receptor_agonism,cyp,absorption|elimination|metabolism,,0.8800106048583984,0.8223175321306501,True,True,True
DB00216,Eletriptan,8,7,cyp_metabolism|protein_binding|receptor_agonism,cyp,elimination|half_life|metabolism,hypertension,0.8685184717178345,0.7765189856290817,True,True,True
DB00947,Fulvestrant,5,5,cyp_metabolism|receptor_antagonism,cyp,elimination|metabolism,,0.838813304901123,0.8176887512207032,True,True,True
DB00820,Tadalafil,12,11,cyp_metabolism|protein_binding,cyp,absorption|elimination|half_life|metabolism,hypertension|hypotension,0.8710111975669861,0.8328966548045477,True,True,True
DB00631,Clofarabine,5,3,,ribonucleotide_reductase,metabolism,,0.8476426005363464,0.8241978883743286,True,False,True
DB00580,Valdecoxib,8,7,cyp_metabolism,cyp,absorption|elimination|metabolism,hypertension|sedation,0.8629292249679565,0.73655616492033,True,True,True
DB06700,Desvenlafaxine,7,10,cyp_metabolism|protein_binding,cyp|norepinephrine_transporter|potassium_channel,elimination|metabolism,,0.8450077176094055,0.8032271180834089,True,True,True
DB01319,Fosamprenavir,7,6,cyp_metabolism,cyp,absorption|elimination|metabolism,,0.8534572124481201,0.8094076258795602,True,True,True
DB01072,Atazanavir,10,7,cyp_metabolism,cyp,absorption|metabolism,,0.8887125253677368,0.8046501994132995,True,True,True
DB00973,Ezetimibe,9,9,protein_binding,,absorption|elimination|half_life|metabolism,,0.8685187697410583,0.806347045633528,True,True,False
DB00303,Ertapenem,3,2,,,elimination,,0.8289094567298889,0.7914690176645914,True,False,False
DB01264,Darunavir,10,6,cyp_metabolism|protein_binding,cyp,absorption|elimination|half_life|metabolism,,0.8670874238014221,0.8189117729663848,True,True,True
DB00538,Gadoversetamide,5,0,,,,,0.8613926768302917,0.7723261117935181,False,False,False
DB01033,Mercaptopurine,12,3,protein_binding,,absorption,,0.859057605266571,0.8058556765317917,True,True,False
DB00763,Methimazole,10,7,protein_binding,cyp,absorption|elimination|half_life|metabolism,,0.8668555617332458,0.8343470871448517,True,True,True
DB00976,Telithromycin,7,2,cyp_metabolism,cyp,elimination|metabolism,,0.8679971694946289,0.7899502260344369,True,True,True
DB01254,Dasatinib,7,6,cyp_metabolism,cyp,elimination|half_life|metabolism,,0.8823171854019165,0.8226065805980137,True,True,True
DB00910,Paricalcitol,7,5,cyp_metabolism|protein_binding,cyp,elimination|metabolism,,0.8400658965110779,0.7626964449882507,True,True,True
DB00905,Bimatoprost,10,10,cyp_metabolism|protein_binding,cyp,absorption|elimination|half_life|metabolism,hypertension|hypotension,0.8806873559951782,0.8223905384540557,True,True,True
DB01268,Sunitinib,9,7,cyp_metabolism,cyp,absorption|elimination|metabolism,,0.8753120303153992,0.8459584514300028,True,True,True
DB00300,Tenofovir disoproxil,10,8,cyp_metabolism|enzyme_inhibition,cyp,absorption|elimination|metabolism,,0.8740866184234619,0.8301753282546998,True,True,True
DB01220,Rifaximin,7,3,cyp_metabolism|enzyme_induction,cyp,absorption|elimination|metabolism,,0.8541091084480286,0.807968020439148,True,True,True
DB00714,Apomorphine,11,7,cyp_metabolism,cyp,elimination|half_life,hypotension|sedation,0.8353743553161621,0.8042621287432584,True,True,True
DB00350,Minoxidil,5,4,,,absorption|metabolism,hypotension,0.8603323698043823,0.8134017705917358,True,False,False
DB00859,Penicillamine,6,4,protein_binding,,absorption|elimination|metabolism,,0.8610707521438599,0.7575927476088206,True,True,False
DB01037,Selegiline,7,2,,,absorption|metabolism,,0.8139488101005554,0.6976960301399231,True,False,False
DB01082,Streptomycin,12,2,,,absorption|half_life,,0.8494604825973511,0.7758049766222636,True,False,False
DB00373,Timolol,10,10,cyp_metabolism|protein_binding,cyp,absorption|elimination|half_life|metabolism,bradycardia|hypertension|hypotension,0.869846522808075,0.8197295427322387,True,True,True
DB00289,Atomoxetine,14,18,cyp_metabolism|protein_binding,cyp|norepinephrine_transporter|serotonin_transporter,absorption|elimination|half_life|metabolism,hypertension|qt_prolongation|sedation,0.8878968954086304,0.8341838547161647,True,True,True
DB01320,Fosphenytoin,12,11,cyp_metabolism,cyp,elimination|half_life|metabolism,bradycardia|hypotension,0.8466081619262695,0.8069678296645483,True,True,True
DB00243,Ranolazine,9,5,cyp_metabolism|ion_channel_blockade|protein_binding,calcium_channel|cyp,absorption|half_life|metabolism,,0.8500667810440063,0.8130856222576566,True,True,True
DB00724,Imiquimod,7,1,,,absorption,,0.8139367699623108,0.7043148534638541,True,False,False
DB00706,Tamsulosin,8,6,cyp_metabolism,cyp,absorption|elimination|metabolism,hypotension,0.8692583441734314,0.8288410305976868,True,True,True
DB00210,Adapalene,7,6,,,absorption|elimination|metabolism,,0.8370972871780396,0.8026629175458636,True,False,False
DB00990,Exemestane,8,0,,,,,0.8245000839233398,0.6617331728339195,False,False,False
DB00476,Duloxetine,10,13,cyp_metabolism,cyp|dopamine_transporter|norepinephrine_transporter|sodium_channel,absorption|elimination|metabolism,hypertension|sedation,0.8532148003578186,0.8200535774230957,True,True,True
DB00246,Ziprasidone,11,11,cyp_metabolism|protein_binding|receptor_antagonism,cyp,absorption|elimination|half_life|metabolism,hypotension|sedation,0.8944211006164551,0.8378997932780873,True,True,True
DB00718,Adefovir dipivoxil,8,4,cyp_metabolism,cyp,absorption|elimination|metabolism,,0.8864167928695679,0.8401389867067337,True,True,True
DB00399,Zoledronic acid,8,2,,,elimination|half_life|metabolism,,0.8941864967346191,0.8215781897306442,True,False,False
DB01194,Brinzolamide,6,7,,,absorption|metabolism,hypertension,0.8354575634002686,0.722321997086207,True,False,False
DB00659,Acamprosate,10,7,protein_binding,,absorption|elimination|half_life|metabolism,,0.8497684597969055,0.8148621082305908,True,True,False
DB00496,Darifenacin,5,3,protein_binding|receptor_antagonism,,elimination|half_life,,0.8419363498687744,0.8186424851417542,True,True,False
DB00412,Rosiglitazone,7,3,cyp_metabolism,cyp,absorption|metabolism,,0.8707932829856873,0.8180266533579145,True,True,True
DB00307,Bexarotene,7,1,,,elimination,,0.8253756165504456,0.6917569381850106,True,False,False
DB00691,Moexipril,8,8,,,absorption|elimination|half_life|metabolism,hypertension|hypotension,0.8885601758956909,0.8514066115021706,True,False,False
DB00559,Bosentan,6,7,cyp_metabolism|receptor_antagonism,cyp,metabolism,hypertension|hypotension,0.8660180568695068,0.8261696497599283,True,True,True
DB01267,Paliperidone,8,10,cyp_metabolism|protein_binding|receptor_antagonism,cyp,absorption|elimination|metabolism,,0.8858327269554138,0.8519272580742836,True,True,True
DB00918,Almotriptan,5,3,receptor_agonism,,elimination|metabolism,,0.8495058417320251,0.8031031489372253,True,True,False
DB00317,Gefitinib,5,2,,,absorption,,0.8278006911277771,0.8185331463813782,True,False,False
DB00967,Desloratadine,9,10,receptor_antagonism,,absorption|elimination|half_life|metabolism,sedation,0.8522111773490906,0.8260513808992174,True,True,False
DB00435,Nitric Oxide,5,3,,,absorption|elimination|metabolism,hypertension,0.8434101343154907,0.8062731146812439,True,False,False
DB01591,Solifenacin,10,6,cyp_metabolism|receptor_antagonism,cyp,absorption|elimination|half_life|metabolism,,0.8480104207992554,0.8145125567913055,True,True,True
DB01012,Cinacalcet,7,8,cyp_metabolism,cyp,elimination|half_life|metabolism,,0.8606866598129272,0.8071567841938564,True,True,True
DB00530,Erlotinib,6,6,cyp_metabolism,cyp,absorption|metabolism,,0.8976936936378479,0.8386916319529215,True,True,True
DB00398,Sorafenib,8,9,cyp_metabolism,cyp,absorption|elimination|metabolism,,0.8576293587684631,0.8228131011128426,True,True,True
DB00480,Lenalidomide,12,5,protein_binding,,absorption|elimination|half_life|metabolism,,0.8973541259765625,0.8318803211053213,True,True,False
DB00550,Propylthiouracil,6,3,,,absorption|elimination|metabolism,,0.8348099589347839,0.7627512216567993,True,False,False
DB00323,Tolcapone,6,7,enzyme_inhibition,,absorption|elimination|metabolism,,0.9004769325256348,0.8266978859901428,True,True,False
DB00287,Travoprost,11,13,,,absorption|elimination|half_life|metabolism,hypertension|hypotension,0.851951003074646,0.8260337222706188,True,False,False
DB01088,Iloprost,6,4,,,absorption|metabolism,hypertension,0.87059086561203,0.7991719543933868,True,False,False
DB09026,Aliskiren,11,9,ion_channel_blockade|protein_binding,calcium_channel,absorption|elimination|half_life|metabolism,hypertension|hypotension,0.8907044529914856,0.800210871479728,True,True,True
