twosides_cid,pubchem_cid,drugbank_id,drugbank_name,pubchem_title,formula,molecular_weight,inchikey,identity_basis,identity_status,confidence,final_decision
CID000000119,119,DB02530,gamma-Aminobutyric acid,Gamma-Aminobutyric Acid,C4H9NO2,103.12,BTCSSZJGUNDROE-UHFFFAOYSA-N,PubChem_exact_DrugBank_ID,candidate_requires_final_validation,high_candidate,ACCEPT
CID000000271,271,DB14577,Calcium cation,Calcium Cation,Ca+2,40.08,BHPQYMZQTOCNFJ-UHFFFAOYSA-N,PubChem_exact_DrugBank_ID,candidate_requires_final_validation,high_candidate,ACCEPT
CID000000444,444,DB01156,Bupropion,Bupropion,C13H18ClNO,239.74,SNPPWIUOZRMYNY-UHFFFAOYSA-N,PubChem_exact_DrugBank_ID,candidate_requires_final_validation,high_candidate,ACCEPT
CID000000564,564,DB00513,Aminocaproic acid,6-Aminohexanoic Acid,C6H13NO2,131.17,SLXKOJJOQWFEFD-UHFFFAOYSA-N,PubChem_exact_DrugBank_ID,candidate_requires_final_validation,high_candidate,ACCEPT
CID000000598,598,DB09110,Coenzyme M,Mercaptoethanesulfonic acid,C2H6O3S2,142.2,ZNEWHQLOPFWXOF-UHFFFAOYSA-N,PubChem_exact_DrugBank_ID,candidate_requires_final_validation,high_candidate,ACCEPT
CID000000838,838,DB11124,Racepinephrine,(+-)-Adrenaline,C9H13NO3,183.2,UCTWMZQNUQWSLP-UHFFFAOYSA-N,PubChem_exact_DrugBank_ID,candidate_requires_final_validation,high_candidate,ACCEPT
CID000001046,1046,DB00339,Pyrazinamide,Pyrazinamide,C5H5N3O,123.11,IPEHBUMCGVEMRF-UHFFFAOYSA-N,PubChem_exact_DrugBank_ID,candidate_requires_final_validation,high_candidate,ACCEPT
CID000001117,1117,DB14546,Sulfate ion,Sulfate Ion,O4S-2,96.07,QAOWNCQODCNURD-UHFFFAOYSA-L,PubChem_exact_DrugBank_ID,candidate_requires_final_validation,high_candidate,ACCEPT
CID000001775,1775,DB00252,Phenytoin,Phenytoin,C15H12N2O2,252.27,CXOFVDLJLONNDW-UHFFFAOYSA-N,PubChem_exact_DrugBank_ID,candidate_requires_final_validation,high_candidate,ACCEPT
CID000001978,1978,DB01193,Acebutolol,Acebutolol,C18H28N2O4,336.4,GOEMGAFJFRBGGG-UHFFFAOYSA-N,PubChem_exact_DrugBank_ID,candidate_requires_final_validation,high_candidate,ACCEPT
CID000001983,1983,DB00316,Acetaminophen,Acetaminophen,C8H9NO2,151.16,RZVAJINKPMORJF-UHFFFAOYSA-N,PubChem_exact_DrugBank_ID,candidate_requires_final_validation,high_candidate,ACCEPT
CID000001986,1986,DB00819,Acetazolamide,Acetazolamide,C4H6N4O3S2,222.3,BZKPWHYZMXOIDC-UHFFFAOYSA-N,PubChem_exact_DrugBank_ID,candidate_requires_final_validation,high_candidate,ACCEPT
CID000002083,2083,DB01001,Salbutamol,Salbutamol,C13H21NO3,239.31,NDAUXUAQIAJITI-UHFFFAOYSA-N,PubChem_exact_DrugBank_ID,candidate_requires_final_validation,high_candidate,ACCEPT
CID000002088,2088,DB00630,Alendronic acid,Alendronic Acid,C4H13NO7P2,249.1,OGSPWJRAVKPPFI-UHFFFAOYSA-N,PubChem_exact_DrugBank_ID,candidate_requires_final_validation,high_candidate,ACCEPT
CID000002092,2092,DB00346,Alfuzosin,Alfuzosin,C19H27N5O4,389.4,WNMJYKCGWZFFKR-UHFFFAOYSA-N,PubChem_exact_DrugBank_ID,candidate_requires_final_validation,high_candidate,ACCEPT
CID000002099,2099,DB00969,Alosetron,Alosetron,C17H18N4O,294.35,JSWZEAMFRNKZNL-UHFFFAOYSA-N,PubChem_exact_DrugBank_ID,candidate_requires_final_validation,high_candidate,ACCEPT
CID000002118,2118,DB00404,Alprazolam,Alprazolam,C17H13ClN4,308.8,VREFGVBLTWBCJP-UHFFFAOYSA-N,PubChem_exact_DrugBank_ID,candidate_requires_final_validation,high_candidate,ACCEPT
CID000002130,2130,DB00915,Amantadine,Amantadine,C10H17N,151.25,DKNWSYNQZKUICI-UHFFFAOYSA-N,PubChem_exact_DrugBank_ID,candidate_requires_final_validation,high_candidate,ACCEPT
CID000002141,2141,DB01143,Amifostine,Amifostine,C5H15N2O3PS,214.23,JKOQGQFVAUAYPM-UHFFFAOYSA-N,PubChem_exact_DrugBank_ID,candidate_requires_final_validation,high_candidate,ACCEPT
CID000002153,2153,DB00277,Theophylline,Theophylline,C7H8N4O2,180.16,ZFXYFBGIUFBOJW-UHFFFAOYSA-N,PubChem_exact_DrugBank_ID,candidate_requires_final_validation,high_candidate,ACCEPT
CID000002160,2160,DB00321,Amitriptyline,Amitriptyline,C20H23N,277.4,KRMDCWKBEZIMAB-UHFFFAOYSA-N,PubChem_exact_DrugBank_ID,candidate_requires_final_validation,high_candidate,ACCEPT
CID000002162,2162,DB00381,Amlodipine,Amlodipine,C20H25ClN2O5,408.9,HTIQEAQVCYTUBX-UHFFFAOYSA-N,PubChem_exact_DrugBank_ID,candidate_requires_final_validation,high_candidate,ACCEPT
CID000002170,2170,DB00543,Amoxapine,Amoxapine,C17H16ClN3O,313.8,QWGDMFLQWFTERH-UHFFFAOYSA-N,PubChem_exact_DrugBank_ID,candidate_requires_final_validation,high_candidate,ACCEPT
CID000002187,2187,DB01217,Anastrozole,Anastrozole,C17H19N5,293.4,YBBLVLTVTVSKRW-UHFFFAOYSA-N,PubChem_exact_DrugBank_ID,candidate_requires_final_validation,high_candidate,ACCEPT
CID000002244,2244,DB00945,Acetylsalicylic acid,Aspirin,C9H8O4,180.16,BSYNRYMUTXBXSQ-UHFFFAOYSA-N,PubChem_exact_DrugBank_ID,candidate_requires_final_validation,high_candidate,ACCEPT
CID000002249,2249,DB00335,Atenolol,Atenolol,C14H22N2O3,266.34,METKIMKYRPQLGS-UHFFFAOYSA-N,PubChem_exact_DrugBank_ID,candidate_requires_final_validation,high_candidate,ACCEPT
CID000002265,2265,DB00993,Azathioprine,Azathioprine,C9H7N7O2S,277.27,LMEKQMALGUDUQG-UHFFFAOYSA-N,PubChem_exact_DrugBank_ID,candidate_requires_final_validation,high_candidate,ACCEPT
CID000002266,2266,DB00548,Azelaic acid,Azelaic Acid,C9H16O4,188.22,BDJRBEYXGGNYIS-UHFFFAOYSA-N,PubChem_exact_DrugBank_ID,candidate_requires_final_validation,high_candidate,ACCEPT
CID000002267,2267,DB00972,Azelastine,Azelastine,C22H24ClN3O,381.9,MBUVEWMHONZEQD-UHFFFAOYSA-N,PubChem_exact_DrugBank_ID,candidate_requires_final_validation,high_candidate,ACCEPT
CID000002284,2284,DB00181,Baclofen,Baclofen,C10H12ClNO2,213.66,KPYSYYIEGFHWSV-UHFFFAOYSA-N,PubChem_exact_DrugBank_ID,candidate_requires_final_validation,high_candidate,ACCEPT
CID000002369,2369,DB00195,Betaxolol,Betaxolol,C18H29NO3,307.4,NWIUTZDMDHAVTP-UHFFFAOYSA-N,PubChem_exact_DrugBank_ID,candidate_requires_final_validation,high_candidate,ACCEPT
CID000002370,2370,DB01019,Bethanechol,Bethanechol,C7H17N2O2+,161.22,NZUPCNDJBJXXRF-UHFFFAOYSA-O,PubChem_exact_DrugBank_ID,candidate_requires_final_validation,high_candidate,ACCEPT
CID000002375,2375,DB01128,Bicalutamide,Bicalutamide,C18H14F4N2O4S,430.4,LKJPYSCBVHEWIU-UHFFFAOYSA-N,PubChem_exact_DrugBank_ID,candidate_requires_final_validation,high_candidate,ACCEPT
CID000002405,2405,DB00612,Bisoprolol,Bisoprolol,C18H31NO4,325.4,VHYCDWMUTMEGQY-UHFFFAOYSA-N,PubChem_exact_DrugBank_ID,candidate_requires_final_validation,high_candidate,ACCEPT
CID000002435,2435,DB00484,Brimonidine,Brimonidine,C11H10BrN5,292.13,XYLJNLCSTIOKRM-UHFFFAOYSA-N,PubChem_exact_DrugBank_ID,candidate_requires_final_validation,high_candidate,ACCEPT
CID000002471,2471,DB00887,Bumetanide,Bumetanide,C17H20N2O5S,364.4,MAEIEVLCKWDQJH-UHFFFAOYSA-N,PubChem_exact_DrugBank_ID,candidate_requires_final_validation,high_candidate,ACCEPT
CID000002477,2477,DB00490,Buspirone,Buspirone,C21H31N5O2,385.5,QWCRAEMEVRGPNT-UHFFFAOYSA-N,PubChem_exact_DrugBank_ID,candidate_requires_final_validation,high_candidate,ACCEPT
CID000002478,2478,DB01008,Busulfan,Busulfan,C6H14O6S2,246.3,COVZYZSDYWQREU-UHFFFAOYSA-N,PubChem_exact_DrugBank_ID,candidate_requires_final_validation,high_candidate,ACCEPT
CID000002519,2519,DB00201,Caffeine,Caffeine,C8H10N4O2,194.19,RYYVLZVUVIJVGH-UHFFFAOYSA-N,PubChem_exact_DrugBank_ID,candidate_requires_final_validation,high_candidate,ACCEPT
CID000002520,2520,DB00661,Verapamil,Verapamil,C27H38N2O4,454.6,SGTNSNPWRIOYBX-UHFFFAOYSA-N,PubChem_exact_DrugBank_ID,candidate_requires_final_validation,high_candidate,ACCEPT
CID000002541,2541,DB13919,Candesartan,Candesartan,C24H20N6O3,440.5,HTQMVQVXFRQIKW-UHFFFAOYSA-N,PubChem_exact_DrugBank_ID,candidate_requires_final_validation,high_candidate,ACCEPT
CID000002551,2551,DB00411,Carbamoylcholine,Carbamylcholine,C6H15N2O2+,147.2,VPJXQGSRWJZDOB-UHFFFAOYSA-O,PubChem_exact_DrugBank_ID,candidate_requires_final_validation,high_candidate,ACCEPT
CID000002554,2554,DB00564,Carbamazepine,Carbamazepine,C15H12N2O,236.27,FFGPTBGBLSHEPO-UHFFFAOYSA-N,PubChem_exact_DrugBank_ID,candidate_requires_final_validation,high_candidate,ACCEPT
CID000002576,2576,DB00395,Carisoprodol,Carisoprodol,C12H24N2O4,260.33,OFZCIYFFPZCNJE-UHFFFAOYSA-N,PubChem_exact_DrugBank_ID,candidate_requires_final_validation,high_candidate,ACCEPT
CID000002578,2578,DB00262,Carmustine,Carmustine,C5H9Cl2N3O2,214.05,DLGOEMSEDOSKAD-UHFFFAOYSA-N,PubChem_exact_DrugBank_ID,candidate_requires_final_validation,high_candidate,ACCEPT
CID000002585,2585,DB01136,Carvedilol,Carvedilol,C24H26N2O4,406.5,OGHNVEJMJSYVRP-UHFFFAOYSA-N,PubChem_exact_DrugBank_ID,candidate_requires_final_validation,high_candidate,ACCEPT
CID000002662,2662,DB00482,Celecoxib,Celecoxib,C17H14F3N3O2S,381.4,RZEKVGVHFLEQIL-UHFFFAOYSA-N,PubChem_exact_DrugBank_ID,candidate_requires_final_validation,high_candidate,ACCEPT
CID000002678,2678,DB00341,Cetirizine,Cetirizine,C21H25ClN2O3,388.9,ZKLPARSLTMPFCP-UHFFFAOYSA-N,PubChem_exact_DrugBank_ID,candidate_requires_final_validation,high_candidate,ACCEPT
CID000002708,2708,DB00291,Chlorambucil,Chlorambucil,C14H19Cl2NO2,304.2,JCKYGMPEJWAADB-UHFFFAOYSA-N,PubChem_exact_DrugBank_ID,candidate_requires_final_validation,high_candidate,ACCEPT
CID000002719,2719,DB00608,Chloroquine,Chloroquine,C18H26ClN3,319.9,WHTVZRBIWZFKQO-UHFFFAOYSA-N,PubChem_exact_DrugBank_ID,candidate_requires_final_validation,high_candidate,ACCEPT
CID000002720,2720,DB00880,Chlorothiazide,Chlorothiazide,C7H6ClN3O4S2,295.7,JBMKAUGHUNFTOL-UHFFFAOYSA-N,PubChem_exact_DrugBank_ID,candidate_requires_final_validation,high_candidate,ACCEPT
CID000002725,2725,DB01114,Chlorpheniramine,(+-)-Chlorpheniramine,C16H19ClN2,274.79,SOYKEARSMXGVTM-UHFFFAOYSA-N,PubChem_exact_DrugBank_ID,candidate_requires_final_validation,high_candidate,ACCEPT
CID000002726,2726,DB00477,Chlorpromazine,Chlorpromazine,C17H19ClN2S,318.9,ZPEIMTDSQAKGNT-UHFFFAOYSA-N,PubChem_exact_DrugBank_ID,candidate_requires_final_validation,high_candidate,ACCEPT
CID000002727,2727,DB00672,Chlorpropamide,Chlorpropamide,C10H13ClN2O3S,276.74,RKWGIWYCVPQPMF-UHFFFAOYSA-N,PubChem_exact_DrugBank_ID,candidate_requires_final_validation,high_candidate,ACCEPT
CID000002732,2732,DB00310,Chlorthalidone,Chlorthalidone,C14H11ClN2O4S,338.8,JIVPVXMEBJLZRO-UHFFFAOYSA-N,PubChem_exact_DrugBank_ID,candidate_requires_final_validation,high_candidate,ACCEPT
CID000002733,2733,DB00356,Chlorzoxazone,Chlorzoxazone,C7H4ClNO2,169.56,TZFWDZFKRBELIQ-UHFFFAOYSA-N,PubChem_exact_DrugBank_ID,candidate_requires_final_validation,high_candidate,ACCEPT
CID000002749,2749,DB01188,Ciclopirox,Ciclopirox,C12H17NO2,207.27,SCKYRAXSEDYPSA-UHFFFAOYSA-N,PubChem_exact_DrugBank_ID,candidate_requires_final_validation,high_candidate,ACCEPT
CID000002756,2756,DB00501,Cimetidine,Cimetidine,C10H16N6S,252.34,AQIXAKUUQRKLND-UHFFFAOYSA-N,PubChem_exact_DrugBank_ID,candidate_requires_final_validation,high_candidate,ACCEPT
CID000002764,2764,DB00537,Ciprofloxacin,Ciprofloxacin,C17H18FN3O3,331.34,MYSWGUAQZAJSOK-UHFFFAOYSA-N,PubChem_exact_DrugBank_ID,candidate_requires_final_validation,high_candidate,ACCEPT
CID000002771,2771,DB00215,Citalopram,Citalopram,C20H21FN2O,324.4,WSEQXVZVJXJVFP-UHFFFAOYSA-N,PubChem_exact_DrugBank_ID,candidate_requires_final_validation,high_candidate,ACCEPT
CID000002800,2800,DB00882,Clomifene,Clomiphene,C26H28ClNO,406.0,GKIRPKYJQBWNGO-UHFFFAOYSA-N,PubChem_exact_DrugBank_ID,candidate_requires_final_validation,high_candidate,ACCEPT
CID000002801,2801,DB01242,Clomipramine,Clomipramine,C19H23ClN2,314.9,GDLIGKIOYRNHDA-UHFFFAOYSA-N,PubChem_exact_DrugBank_ID,candidate_requires_final_validation,high_candidate,ACCEPT
CID000002802,2802,DB01068,Clonazepam,Clonazepam,C15H10ClN3O3,315.71,DGBIGWXXNGSACT-UHFFFAOYSA-N,PubChem_exact_DrugBank_ID,candidate_requires_final_validation,high_candidate,ACCEPT
CID000002803,2803,DB00575,Clonidine,Clonidine,C9H9Cl2N3,230.09,GJSURZIOUXUGAL-UHFFFAOYSA-N,PubChem_exact_DrugBank_ID,candidate_requires_final_validation,high_candidate,ACCEPT
CID000002812,2812,DB00257,Clotrimazole,Clotrimazole,C22H17ClN2,344.8,VNFPBHJOKIVQEB-UHFFFAOYSA-N,PubChem_exact_DrugBank_ID,candidate_requires_final_validation,high_candidate,ACCEPT
CID000002895,2895,DB00924,Cyclobenzaprine,Cyclobenzaprine,C20H21N,275.4,JURKNVYFZMSNLP-UHFFFAOYSA-N,PubChem_exact_DrugBank_ID,candidate_requires_final_validation,high_candidate,ACCEPT
CID000002907,2907,DB00531,Cyclophosphamide,Cyclophosphamide,C7H15Cl2N2O2P,261.08,CMSMOCZEIVJLDB-UHFFFAOYSA-N,PubChem_exact_DrugBank_ID,candidate_requires_final_validation,high_candidate,ACCEPT
CID000002955,2955,DB00250,Dapsone,Dapsone,C12H12N2O2S,248.3,MQJKPEGWNLWLTK-UHFFFAOYSA-N,PubChem_exact_DrugBank_ID,candidate_requires_final_validation,high_candidate,ACCEPT
CID000002973,2973,DB00746,Deferoxamine,Deferoxamine,C25H48N6O8,560.7,UBQYURCVBFRUQT-UHFFFAOYSA-N,PubChem_exact_DrugBank_ID,candidate_requires_final_validation,high_candidate,ACCEPT
CID000002995,2995,DB01151,Desipramine,Desipramine,C18H22N2,266.4,HCYAFALTSJYZDH-UHFFFAOYSA-N,PubChem_exact_DrugBank_ID,candidate_requires_final_validation,high_candidate,ACCEPT
CID000003007,3007,DB00182,Amphetamine,Amphetamine,C9H13N,135.21,KWTSXDURSIMDCE-UHFFFAOYSA-N,PubChem_exact_DrugBank_ID,candidate_requires_final_validation,high_candidate,ACCEPT
CID000003016,3016,DB00829,Diazepam,Diazepam,C16H13ClN2O,284.74,AAOVKJBEBIDNHE-UHFFFAOYSA-N,PubChem_exact_DrugBank_ID,candidate_requires_final_validation,high_candidate,ACCEPT
CID000003042,3042,DB00804,Dicyclomine,Dicyclomine,C19H35NO2,309.5,CURUTKGFNZGFSE-UHFFFAOYSA-N,PubChem_exact_DrugBank_ID,candidate_requires_final_validation,high_candidate,ACCEPT
CID000003059,3059,DB00861,Diflunisal,Diflunisal,C13H8F2O3,250.2,HUPFGZXOMWLGNK-UHFFFAOYSA-N,PubChem_exact_DrugBank_ID,candidate_requires_final_validation,high_candidate,ACCEPT
CID000003108,3108,DB00975,Dipyridamole,Dipyridamole,C24H40N8O4,504.6,IZEKFCXSFNUWAM-UHFFFAOYSA-N,PubChem_exact_DrugBank_ID,candidate_requires_final_validation,high_candidate,ACCEPT
CID000003114,3114,DB00280,Disopyramide,Disopyramide,C21H29N3O,339.5,UVTNFZQICZKOEM-UHFFFAOYSA-N,PubChem_exact_DrugBank_ID,candidate_requires_final_validation,high_candidate,ACCEPT
CID000003117,3117,DB00822,Disulfiram,Disulfiram,C10H20N2S4,296.5,AUZONCFQVSMFAP-UHFFFAOYSA-N,PubChem_exact_DrugBank_ID,candidate_requires_final_validation,high_candidate,ACCEPT
CID000003121,3121,DB00313,Valproic acid,Valproic Acid,C8H16O2,144.21,NIJJYAXOARWZEE-UHFFFAOYSA-N,PubChem_exact_DrugBank_ID,candidate_requires_final_validation,high_candidate,ACCEPT
CID000003152,3152,DB00843,Donepezil,Donepezil,C24H29NO3,379.5,ADEBPBSSDYVVLD-UHFFFAOYSA-N,PubChem_exact_DrugBank_ID,candidate_requires_final_validation,high_candidate,ACCEPT
CID000003157,3157,DB00590,Doxazosin,Doxazosin,C23H25N5O5,451.5,RUZYUOTYCVRMRZ-UHFFFAOYSA-N,PubChem_exact_DrugBank_ID,candidate_requires_final_validation,high_candidate,ACCEPT
CID000003158,3158,DB01142,Doxepin,Doxepin,C19H21NO,279.4,ODQWQRRAPPTVAG-UHFFFAOYSA-N,PubChem_exact_DrugBank_ID,candidate_requires_final_validation,high_candidate,ACCEPT
CID000003168,3168,DB00450,Droperidol,Droperidol,C22H22FN3O2,379.4,RMEDXOLNCUSCGS-UHFFFAOYSA-N,PubChem_exact_DrugBank_ID,candidate_requires_final_validation,high_candidate,ACCEPT
CID000003198,3198,DB01127,Econazole,Econazole,C18H15Cl3N2O,381.7,LEZWWPYKPKIXLL-UHFFFAOYSA-N,PubChem_exact_DrugBank_ID,candidate_requires_final_validation,high_candidate,ACCEPT
CID000003261,3261,DB01215,Estazolam,Estazolam,C16H11ClN4,294.74,CDCHDCWJMGXXRH-UHFFFAOYSA-N,PubChem_exact_DrugBank_ID,candidate_requires_final_validation,high_candidate,ACCEPT
CID000003278,3278,DB00903,Etacrynic acid,Ethacrynic Acid,C13H12Cl2O4,303.13,AVOLMBLBETYQHX-UHFFFAOYSA-N,PubChem_exact_DrugBank_ID,candidate_requires_final_validation,high_candidate,ACCEPT
CID000003291,3291,DB00593,Ethosuximide,Ethosuximide,C7H11NO2,141.17,HAPOVYFOVVWLRS-UHFFFAOYSA-N,PubChem_exact_DrugBank_ID,candidate_requires_final_validation,high_candidate,ACCEPT
CID000003305,3305,DB01077,Etidronic acid,Etidronic Acid,C2H8O7P2,206.03,DBVJJBKOTRCVKF-UHFFFAOYSA-N,PubChem_exact_DrugBank_ID,candidate_requires_final_validation,high_candidate,ACCEPT
CID000003308,3308,DB00749,Etodolac,Etodolac,C17H21NO3,287.35,NNYBQONXHNTVIJ-UHFFFAOYSA-N,PubChem_exact_DrugBank_ID,candidate_requires_final_validation,high_candidate,ACCEPT
CID000003324,3324,DB00426,Famciclovir,Famciclovir,C14H19N5O4,321.33,GGXKWVWZWMLJEH-UHFFFAOYSA-N,PubChem_exact_DrugBank_ID,candidate_requires_final_validation,high_candidate,ACCEPT
CID000003333,3333,DB01023,Felodipine,Felodipine,C18H19Cl2NO4,384.2,RZTAMFZIAATZDJ-UHFFFAOYSA-N,PubChem_exact_DrugBank_ID,candidate_requires_final_validation,high_candidate,ACCEPT
CID000003339,3339,DB01039,Fenofibrate,Fenofibrate,C20H21ClO4,360.8,YMTINGFKWWXKFG-UHFFFAOYSA-N,PubChem_exact_DrugBank_ID,candidate_requires_final_validation,high_candidate,ACCEPT
CID000003345,3345,DB00813,Fentanyl,Fentanyl,C22H28N2O,336.5,PJMPHNIQZUBGLI-UHFFFAOYSA-N,PubChem_exact_DrugBank_ID,candidate_requires_final_validation,high_candidate,ACCEPT
CID000003348,3348,DB00950,Fexofenadine,Fexofenadine,C32H39NO4,501.7,RWTNPBWLLIMQHL-UHFFFAOYSA-N,PubChem_exact_DrugBank_ID,candidate_requires_final_validation,high_candidate,ACCEPT
CID000003365,3365,DB00196,Fluconazole,Fluconazole,C13H12F2N6O,306.27,RFHAOTPXVQNOHP-UHFFFAOYSA-N,PubChem_exact_DrugBank_ID,candidate_requires_final_validation,high_candidate,ACCEPT
CID000003372,3372,DB00623,Fluphenazine,Fluphenazine,C22H26F3N3OS,437.5,PLDUPXSUYLZYBN-UHFFFAOYSA-N,PubChem_exact_DrugBank_ID,candidate_requires_final_validation,high_candidate,ACCEPT
CID000003373,3373,DB01205,Flumazenil,Flumazenil,C15H14FN3O3,303.29,OFBIFZUFASYYRE-UHFFFAOYSA-N,PubChem_exact_DrugBank_ID,candidate_requires_final_validation,high_candidate,ACCEPT
CID000003385,3385,DB00544,Fluorouracil,5-Fluorouracil,C4H3FN2O2,130.08,GHASVSINZRGABV-UHFFFAOYSA-N,PubChem_exact_DrugBank_ID,candidate_requires_final_validation,high_candidate,ACCEPT
CID000003386,3386,DB00472,Fluoxetine,Fluoxetine,C17H18F3NO,309.33,RTHCYVBBDHJXIQ-UHFFFAOYSA-N,PubChem_exact_DrugBank_ID,candidate_requires_final_validation,high_candidate,ACCEPT
CID000003393,3393,DB00690,Flurazepam,Flurazepam,C21H23ClFN3O,387.9,SAADBVWGJQAEFS-UHFFFAOYSA-N,PubChem_exact_DrugBank_ID,candidate_requires_final_validation,high_candidate,ACCEPT
CID000003394,3394,DB00712,Flurbiprofen,Flurbiprofen,C15H13FO2,244.26,SYTBZMRGLBWNTM-UHFFFAOYSA-N,PubChem_exact_DrugBank_ID,candidate_requires_final_validation,high_candidate,ACCEPT
CID000003397,3397,DB00499,Flutamide,Flutamide,C11H11F3N2O3,276.21,MKXKFYHWDHIYRV-UHFFFAOYSA-N,PubChem_exact_DrugBank_ID,candidate_requires_final_validation,high_candidate,ACCEPT
CID000003410,3410,DB00983,Formoterol,Formoterol,C19H24N2O4,344.4,BPZSYCZIITTYBL-UHFFFAOYSA-N,PubChem_exact_DrugBank_ID,candidate_requires_final_validation,high_candidate,ACCEPT
CID000003440,3440,DB00695,Furosemide,Furosemide,C12H11ClN2O5S,330.74,ZZUFCTLCJUWOSV-UHFFFAOYSA-N,PubChem_exact_DrugBank_ID,candidate_requires_final_validation,high_candidate,ACCEPT
CID000003446,3446,DB00996,Gabapentin,Gabapentin,C9H17NO2,171.24,UGJMXCAKCUNAIE-UHFFFAOYSA-N,PubChem_exact_DrugBank_ID,candidate_requires_final_validation,high_candidate,ACCEPT
CID000003463,3463,DB01241,Gemfibrozil,Gemfibrozil,C15H22O3,250.33,HEMJJKBWTPKOJG-UHFFFAOYSA-N,PubChem_exact_DrugBank_ID,candidate_requires_final_validation,high_candidate,ACCEPT
CID000003467,3467,DB00798,Gentamicin,Gentamicin,C21H43N5O7,477.6,CEAZRRDELHUEMR-UHFFFAOYSA-N,PubChem_exact_DrugBank_ID,candidate_requires_final_validation,high_candidate,ACCEPT
CID000003478,3478,DB01067,Glipizide,Glipizide,C21H27N5O4S,445.5,ZJJXGWJIGJFDTL-UHFFFAOYSA-N,PubChem_exact_DrugBank_ID,candidate_requires_final_validation,high_candidate,ACCEPT
CID000003488,3488,DB01016,Glyburide,Glibenclamide,C23H28ClN3O5S,494.0,ZNNLBTZKUZBEKO-UHFFFAOYSA-N,PubChem_exact_DrugBank_ID,candidate_requires_final_validation,high_candidate,ACCEPT
CID000003494,3494,DB00986,Glycopyrronium,Glycopyrronium,C19H28NO3+,318.4,ANGKOCUUWGHLCE-UHFFFAOYSA-N,PubChem_exact_DrugBank_ID,candidate_requires_final_validation,high_candidate,ACCEPT
CID000003516,3516,DB00874,Guaifenesin,Guaifenesin,C10H14O4,198.22,HSRJKNPTNIJEKV-UHFFFAOYSA-N,PubChem_exact_DrugBank_ID,candidate_requires_final_validation,high_candidate,ACCEPT
CID000003559,3559,DB00502,Haloperidol,Haloperidol,C21H23ClFNO2,375.9,LNEPOXFFQSENCJ-UHFFFAOYSA-N,PubChem_exact_DrugBank_ID,candidate_requires_final_validation,high_candidate,ACCEPT
CID000003562,3562,DB01159,Halothane,Halothane,C2HBrClF3,197.38,BCQZXOMGPXTTIC-UHFFFAOYSA-N,PubChem_exact_DrugBank_ID,candidate_requires_final_validation,high_candidate,ACCEPT
CID000003637,3637,DB01275,Hydralazine,Hydralazine,C8H8N4,160.18,RPTUSVTUFVMDQK-UHFFFAOYSA-N,PubChem_exact_DrugBank_ID,candidate_requires_final_validation,high_candidate,ACCEPT
CID000003639,3639,DB00999,Hydrochlorothiazide,Hydrochlorothiazide,C7H8ClN3O4S2,297.7,JZUFKLXOESDKRF-UHFFFAOYSA-N,PubChem_exact_DrugBank_ID,candidate_requires_final_validation,high_candidate,ACCEPT
CID000003652,3652,DB01611,Hydroxychloroquine,Hydroxychloroquine,C18H26ClN3O,335.9,XXSMGPRMXLTPCZ-UHFFFAOYSA-N,PubChem_exact_DrugBank_ID,candidate_requires_final_validation,high_candidate,ACCEPT
CID000003657,3657,DB01005,Hydroxyurea,Hydroxyurea,CH4N2O2,76.055,VSNHCAURESNICA-UHFFFAOYSA-N,PubChem_exact_DrugBank_ID,candidate_requires_final_validation,high_candidate,ACCEPT
CID000003658,3658,DB00557,Hydroxyzine,Hydroxyzine,C21H27ClN2O2,374.9,ZQDWXGKKHFNSQK-UHFFFAOYSA-N,PubChem_exact_DrugBank_ID,candidate_requires_final_validation,high_candidate,ACCEPT
CID000003672,3672,DB01050,Ibuprofen,"Ibuprofen, (+-)-",C13H18O2,206.28,HEFNNWSXXWATRW-UHFFFAOYSA-N,PubChem_exact_DrugBank_ID,candidate_requires_final_validation,high_candidate,ACCEPT
CID000003675,3675,DB00780,Phenelzine,Phenelzine,C8H12N2,136.19,RMUCZJUITONUFY-UHFFFAOYSA-N,PubChem_exact_DrugBank_ID,candidate_requires_final_validation,high_candidate,ACCEPT
CID000003676,3676,DB00281,Lidocaine,Lidocaine,C14H22N2O,234.34,NNJVILVZKWQKPM-UHFFFAOYSA-N,PubChem_exact_DrugBank_ID,candidate_requires_final_validation,high_candidate,ACCEPT
CID000003690,3690,DB01181,Ifosfamide,Ifosfamide,C7H15Cl2N2O2P,261.08,HOMGKSMUEGBAAB-UHFFFAOYSA-N,PubChem_exact_DrugBank_ID,candidate_requires_final_validation,high_candidate,ACCEPT
CID000003696,3696,DB00458,Imipramine,Imipramine,C19H24N2,280.4,BCGWQEUPMDMJNV-UHFFFAOYSA-N,PubChem_exact_DrugBank_ID,candidate_requires_final_validation,high_candidate,ACCEPT
CID000003702,3702,DB00808,Indapamide,Indapamide,C16H16ClN3O3S,365.8,NDDAHWYSQHTHNT-UHFFFAOYSA-N,PubChem_exact_DrugBank_ID,candidate_requires_final_validation,high_candidate,ACCEPT
CID000003715,3715,DB00328,Indomethacin,Indomethacin,C19H16ClNO4,357.8,CGIGDMFJXJATDK-UHFFFAOYSA-N,PubChem_exact_DrugBank_ID,candidate_requires_final_validation,high_candidate,ACCEPT
CID000003724,3724,DB01249,Iodixanol,Iodixanol,C35H44I6N6O15,1550.2,NBQNWMBBSKPBAY-UHFFFAOYSA-N,PubChem_exact_DrugBank_ID,candidate_requires_final_validation,high_candidate,ACCEPT
CID000003730,3730,DB01362,Iohexol,Iohexol,C19H26I3N3O9,821.1,NTHXOOBQLCIOLC-UHFFFAOYSA-N,PubChem_exact_DrugBank_ID,candidate_requires_final_validation,high_candidate,ACCEPT
CID000003736,3736,DB09156,Iopromide,Iopromide,C18H24I3N3O8,791.1,DGAIEPBNLOQYER-UHFFFAOYSA-N,PubChem_exact_DrugBank_ID,candidate_requires_final_validation,high_candidate,ACCEPT
CID000003741,3741,DB09134,Ioversol,Ioversol,C18H24I3N3O9,807.1,AMDBBAQNWSUWGN-UHFFFAOYSA-N,PubChem_exact_DrugBank_ID,candidate_requires_final_validation,high_candidate,ACCEPT
CID000003749,3749,DB01029,Irbesartan,Irbesartan,C25H28N6O,428.5,YOSHYTLCDANDAN-UHFFFAOYSA-N,PubChem_exact_DrugBank_ID,candidate_requires_final_validation,high_candidate,ACCEPT
CID000003763,3763,DB00753,Isoflurane,Isoflurane,C3H2ClF5O,184.49,PIWKPBJCKXDKJR-UHFFFAOYSA-N,PubChem_exact_DrugBank_ID,candidate_requires_final_validation,high_candidate,ACCEPT
CID000003767,3767,DB00951,Isoniazid,Isoniazid,C6H7N3O,137.14,QRXWMOHMRWLFEY-UHFFFAOYSA-N,PubChem_exact_DrugBank_ID,candidate_requires_final_validation,high_candidate,ACCEPT
CID000003784,3784,DB00270,Isradipine,Isradipine,C19H21N3O5,371.4,HMJIYCCIJYRONP-UHFFFAOYSA-N,PubChem_exact_DrugBank_ID,candidate_requires_final_validation,high_candidate,ACCEPT
CID000003821,3821,DB01221,Ketamine,Ketamine,C13H16ClNO,237.72,YQEZLKZALYSWHR-UHFFFAOYSA-N,PubChem_exact_DrugBank_ID,candidate_requires_final_validation,high_candidate,ACCEPT
CID000003825,3825,DB01009,Ketoprofen,Ketoprofen,C16H14O3,254.28,DKYWVDODHFEZIM-UHFFFAOYSA-N,PubChem_exact_DrugBank_ID,candidate_requires_final_validation,high_candidate,ACCEPT
CID000003826,3826,DB00465,Ketorolac,Ketorolac,C15H13NO3,255.27,OZWKMVRBQXNZKK-UHFFFAOYSA-N,PubChem_exact_DrugBank_ID,candidate_requires_final_validation,high_candidate,ACCEPT
CID000003827,3827,DB00920,Ketotifen,Ketotifen,C19H19NOS,309.4,ZCVMWBYGMWKGHF-UHFFFAOYSA-N,PubChem_exact_DrugBank_ID,candidate_requires_final_validation,high_candidate,ACCEPT
CID000003869,3869,DB00598,Labetalol,Labetalol,C19H24N2O3,328.4,SGUAFYQXFOLMHL-UHFFFAOYSA-N,PubChem_exact_DrugBank_ID,candidate_requires_final_validation,high_candidate,ACCEPT
CID000003878,3878,DB00555,Lamotrigine,Lamotrigine,C9H7Cl2N5,256.09,PYZRQGJRPPTADH-UHFFFAOYSA-N,PubChem_exact_DrugBank_ID,candidate_requires_final_validation,high_candidate,ACCEPT
CID000003883,3883,DB00448,Lansoprazole,Lansoprazole,C16H14F3N3O2S,369.4,MJIHNNLFOKEZEW-UHFFFAOYSA-N,PubChem_exact_DrugBank_ID,candidate_requires_final_validation,high_candidate,ACCEPT
CID000003899,3899,DB01097,Leflunomide,Leflunomide,C12H9F3N2O2,270.21,VHOGYURTWQBHIL-UHFFFAOYSA-N,PubChem_exact_DrugBank_ID,candidate_requires_final_validation,high_candidate,ACCEPT
CID000003902,3902,DB01006,Letrozole,Letrozole,C17H11N5,285.3,HPJKCIUCZWXJDR-UHFFFAOYSA-N,PubChem_exact_DrugBank_ID,candidate_requires_final_validation,high_candidate,ACCEPT
CID000003957,3957,DB00455,Loratadine,Loratadine,C22H23ClN2O2,382.9,JCCNYMKQOSZNPW-UHFFFAOYSA-N,PubChem_exact_DrugBank_ID,candidate_requires_final_validation,high_candidate,ACCEPT
CID000003958,3958,DB00186,Lorazepam,Lorazepam,C15H10Cl2N2O2,321.2,DIWRORZWFLOCLC-UHFFFAOYSA-N,PubChem_exact_DrugBank_ID,candidate_requires_final_validation,high_candidate,ACCEPT
CID000003961,3961,DB00678,Losartan,Losartan,C22H23ClN6O,422.9,PSIFNNKUMBGKDQ-UHFFFAOYSA-N,PubChem_exact_DrugBank_ID,candidate_requires_final_validation,high_candidate,ACCEPT
CID000003964,3964,DB00408,Loxapine,Loxapine,C18H18ClN3O,327.8,XJGVXQDUIWGIRW-UHFFFAOYSA-N,PubChem_exact_DrugBank_ID,candidate_requires_final_validation,high_candidate,ACCEPT
CID000004011,4011,DB00934,Maprotiline,Maprotiline,C20H23N,277.4,QSLMDECMDJKHMQ-UHFFFAOYSA-N,PubChem_exact_DrugBank_ID,candidate_requires_final_validation,high_candidate,ACCEPT
CID000004034,4034,DB00737,Meclizine,Meclizine,C25H27ClN2,390.9,OCJYIGYOJCODJL-UHFFFAOYSA-N,PubChem_exact_DrugBank_ID,candidate_requires_final_validation,high_candidate,ACCEPT
CID000004044,4044,DB00784,Mefenamic acid,Mefenamic Acid,C15H15NO2,241.28,HYYBABOKPJLUIN-UHFFFAOYSA-N,PubChem_exact_DrugBank_ID,candidate_requires_final_validation,high_candidate,ACCEPT
CID000004046,4046,DB00358,Mefloquine,Mefloquine,C17H16F6N2O,378.31,XEEQGYMUWCZPDN-UHFFFAOYSA-N,PubChem_exact_DrugBank_ID,candidate_requires_final_validation,high_candidate,ACCEPT
CID000004054,4054,DB01043,Memantine,Memantine,C12H21N,179.3,BUGYDGFZZOZRHP-UHFFFAOYSA-N,PubChem_exact_DrugBank_ID,candidate_requires_final_validation,high_candidate,ACCEPT
CID000004058,4058,DB00454,Meperidine,Meperidine,C15H21NO2,247.33,XADCESSVHJOZHK-UHFFFAOYSA-N,PubChem_exact_DrugBank_ID,candidate_requires_final_validation,high_candidate,ACCEPT
CID000004064,4064,DB00371,Meprobamate,Meprobamate,C9H18N2O4,218.25,NPPQSCRMBWNHMW-UHFFFAOYSA-N,PubChem_exact_DrugBank_ID,candidate_requires_final_validation,high_candidate,ACCEPT
CID000004075,4075,DB00244,Mesalazine,5-Aminosalicylic Acid,C7H7NO3,153.14,KBOPZPXVLCULAV-UHFFFAOYSA-N,PubChem_exact_DrugBank_ID,candidate_requires_final_validation,high_candidate,ACCEPT
CID000004091,4091,DB00331,Metformin,Metformin,C4H11N5,129.16,XZWYZXLIPXDOLR-UHFFFAOYSA-N,PubChem_exact_DrugBank_ID,candidate_requires_final_validation,high_candidate,ACCEPT
CID000004095,4095,DB00333,Methadone,Methadone,C21H27NO,309.4,USSIQXCVUWKGNF-UHFFFAOYSA-N,PubChem_exact_DrugBank_ID,candidate_requires_final_validation,high_candidate,ACCEPT
CID000004107,4107,DB00423,Methocarbamol,Methocarbamol,C11H15NO5,241.24,GNXFOGHNGIVQEH-UHFFFAOYSA-N,PubChem_exact_DrugBank_ID,candidate_requires_final_validation,high_candidate,ACCEPT
CID000004158,4158,DB00422,Methylphenidate,Methylphenidate,C14H19NO2,233.31,DUGOZIWVEXMGBE-UHFFFAOYSA-N,PubChem_exact_DrugBank_ID,candidate_requires_final_validation,high_candidate,ACCEPT
CID000004168,4168,DB01233,Metoclopramide,Metoclopramide,C14H22ClN3O2,299.79,TTWJBBZEZQICBI-UHFFFAOYSA-N,PubChem_exact_DrugBank_ID,candidate_requires_final_validation,high_candidate,ACCEPT
CID000004170,4170,DB00524,Metolazone,Metolazone,C16H16ClN3O3S,365.8,AQCHWTWZEMGIFD-UHFFFAOYSA-N,PubChem_exact_DrugBank_ID,candidate_requires_final_validation,high_candidate,ACCEPT
CID000004171,4171,DB00264,Metoprolol,Metoprolol,C15H25NO3,267.36,IUBSYMUCCVWXPE-UHFFFAOYSA-N,PubChem_exact_DrugBank_ID,candidate_requires_final_validation,high_candidate,ACCEPT
CID000004173,4173,DB00916,Metronidazole,Metronidazole,C6H9N3O3,171.15,VAOCPAMSLUNLGC-UHFFFAOYSA-N,PubChem_exact_DrugBank_ID,candidate_requires_final_validation,high_candidate,ACCEPT
CID000004178,4178,DB00379,Mexiletine,Mexiletine,C11H17NO,179.26,VLPIATFUUWWMKC-UHFFFAOYSA-N,PubChem_exact_DrugBank_ID,candidate_requires_final_validation,high_candidate,ACCEPT
CID000004189,4189,DB01110,Miconazole,Miconazole,C18H14Cl4N2O,416.1,BYBLEWFAAKGYCD-UHFFFAOYSA-N,PubChem_exact_DrugBank_ID,candidate_requires_final_validation,high_candidate,ACCEPT
CID000004192,4192,DB00683,Midazolam,Midazolam,C18H13ClFN3,325.8,DDLIGBOFAVUZHB-UHFFFAOYSA-N,PubChem_exact_DrugBank_ID,candidate_requires_final_validation,high_candidate,ACCEPT
CID000004195,4195,DB00211,Midodrine,Midodrine,C12H18N2O4,254.28,PTKSEFOSCHHMPD-UHFFFAOYSA-N,PubChem_exact_DrugBank_ID,candidate_requires_final_validation,high_candidate,ACCEPT
CID000004205,4205,DB00370,Mirtazapine,Mirtazapine,C17H19N3,265.35,RONZAEMNMFQXRA-UHFFFAOYSA-N,PubChem_exact_DrugBank_ID,candidate_requires_final_validation,high_candidate,ACCEPT
CID000004211,4211,DB00648,Mitotane,Mitotane,C14H10Cl4,320.0,JWBOIMRXGHLCPP-UHFFFAOYSA-N,PubChem_exact_DrugBank_ID,candidate_requires_final_validation,high_candidate,ACCEPT
CID000004212,4212,DB01204,Mitoxantrone,Mitoxantrone,C22H28N4O6,444.5,KKZJGLLVHKMTCM-UHFFFAOYSA-N,PubChem_exact_DrugBank_ID,candidate_requires_final_validation,high_candidate,ACCEPT
CID000004236,4236,DB00745,Modafinil,Modafinil,C15H15NO2S,273.4,YFGHCGITMMYXAQ-UHFFFAOYSA-N,PubChem_exact_DrugBank_ID,candidate_requires_final_validation,high_candidate,ACCEPT
CID000004409,4409,DB00461,Nabumetone,Nabumetone,C15H16O2,228.29,BLXXJMDCKKHMKV-UHFFFAOYSA-N,PubChem_exact_DrugBank_ID,candidate_requires_final_validation,high_candidate,ACCEPT
CID000004440,4440,DB00952,Naratriptan,Naratriptan,C17H25N3O2S,335.5,AMKVXSZCKVJAGH-UHFFFAOYSA-N,PubChem_exact_DrugBank_ID,candidate_requires_final_validation,high_candidate,ACCEPT
CID000004449,4449,DB01149,Nefazodone,Nefazodone,C25H32ClN5O2,470.0,VRBKIVRKKCLPHA-UHFFFAOYSA-N,PubChem_exact_DrugBank_ID,candidate_requires_final_validation,high_candidate,ACCEPT
CID000004463,4463,DB00238,Nevirapine,Nevirapine,C15H14N4O,266.3,NQDJXKOVJZTUJA-UHFFFAOYSA-N,PubChem_exact_DrugBank_ID,candidate_requires_final_validation,high_candidate,ACCEPT
CID000004485,4485,DB01115,Nifedipine,Nifedipine,C17H18N2O6,346.3,HYIMSNHJOBLJNT-UHFFFAOYSA-N,PubChem_exact_DrugBank_ID,candidate_requires_final_validation,high_candidate,ACCEPT
CID000004497,4497,DB00393,Nimodipine,Nimodipine,C21H26N2O7,418.4,UIAGMCDKSXEBJQ-UHFFFAOYSA-N,PubChem_exact_DrugBank_ID,candidate_requires_final_validation,high_candidate,ACCEPT
CID000004499,4499,DB00401,Nisoldipine,Nisoldipine,C20H24N2O6,388.4,VKQFCGNPDRICFG-UHFFFAOYSA-N,PubChem_exact_DrugBank_ID,candidate_requires_final_validation,high_candidate,ACCEPT
CID000004506,4506,DB01595,Nitrazepam,Nitrazepam,C15H11N3O3,281.27,KJONHKAYOJNZEC-UHFFFAOYSA-N,PubChem_exact_DrugBank_ID,candidate_requires_final_validation,high_candidate,ACCEPT
CID000004510,4510,DB00727,Nitroglycerin,Nitroglycerin,C3H5N3O9,227.09,SNIOPGDIGTZGOP-UHFFFAOYSA-N,PubChem_exact_DrugBank_ID,candidate_requires_final_validation,high_candidate,ACCEPT
CID000004513,4513,DB00585,Nizatidine,Nizatidine,C12H21N5O2S2,331.5,SGXXNSQHWDMGGP-UHFFFAOYSA-N,PubChem_exact_DrugBank_ID,candidate_requires_final_validation,high_candidate,ACCEPT
CID000004539,4539,DB01059,Norfloxacin,Norfloxacin,C16H18FN3O3,319.33,OGJPXUAPXNRGGI-UHFFFAOYSA-N,PubChem_exact_DrugBank_ID,candidate_requires_final_validation,high_candidate,ACCEPT
CID000004542,4542,DB09389,Norgestrel,Methylnorethindrone,C21H28O2,312.4,WWYNJERNGUHSAO-UHFFFAOYSA-N,PubChem_exact_DrugBank_ID,candidate_requires_final_validation,high_candidate,ACCEPT
CID000004543,4543,DB00540,Nortriptyline,Nortriptyline,C19H21N,263.4,PHVGLTMQBUFIQQ-UHFFFAOYSA-N,PubChem_exact_DrugBank_ID,candidate_requires_final_validation,high_candidate,ACCEPT
CID000004583,4583,DB01165,Ofloxacin,Ofloxacin,C18H20FN3O4,361.4,GSDSWSVVBLHKDQ-UHFFFAOYSA-N,PubChem_exact_DrugBank_ID,candidate_requires_final_validation,high_candidate,ACCEPT
CID000004594,4594,DB00338,Omeprazole,Omeprazole,C17H19N3O3S,345.4,SUBDBMMJDZJVOS-UHFFFAOYSA-N,PubChem_exact_DrugBank_ID,candidate_requires_final_validation,high_candidate,ACCEPT
CID000004595,4595,DB00904,Ondansetron,Ondansetron,C18H19N3O,293.4,FELGMEQIXOGIFQ-UHFFFAOYSA-N,PubChem_exact_DrugBank_ID,candidate_requires_final_validation,high_candidate,ACCEPT
CID000004601,4601,DB01173,Orphenadrine,Orphenadrine,C18H23NO,269.4,QVYRGXJJSLMXQH-UHFFFAOYSA-N,PubChem_exact_DrugBank_ID,candidate_requires_final_validation,high_candidate,ACCEPT
CID000004614,4614,DB00991,Oxaprozin,Oxaprozin,C18H15NO3,293.3,OFPXSFXSNFPTHF-UHFFFAOYSA-N,PubChem_exact_DrugBank_ID,candidate_requires_final_validation,high_candidate,ACCEPT
CID000004616,4616,DB00842,Oxazepam,Oxazepam,C15H11ClN2O2,286.71,ADIMAYPTOBDMTL-UHFFFAOYSA-N,PubChem_exact_DrugBank_ID,candidate_requires_final_validation,high_candidate,ACCEPT
CID000004634,4634,DB01062,Oxybutynin,Oxybutynin,C22H31NO3,357.5,XIQVNETUBQGFHX-UHFFFAOYSA-N,PubChem_exact_DrugBank_ID,candidate_requires_final_validation,high_candidate,ACCEPT
CID000004674,4674,DB00282,Pamidronic acid,Pamidronic Acid,C3H11NO7P2,235.07,WRUUGTRCQOWXEG-UHFFFAOYSA-N,PubChem_exact_DrugBank_ID,candidate_requires_final_validation,high_candidate,ACCEPT
CID000004679,4679,DB00213,Pantoprazole,Pantoprazole,C16H15F2N3O4S,383.4,IQPSEEYGBUAQFF-UHFFFAOYSA-N,PubChem_exact_DrugBank_ID,candidate_requires_final_validation,high_candidate,ACCEPT
CID000004723,4723,DB01230,Pemoline,Pemoline,C9H8N2O2,176.17,NRNCYVBFPDDJNE-UHFFFAOYSA-N,PubChem_exact_DrugBank_ID,candidate_requires_final_validation,high_candidate,ACCEPT
CID000004740,4740,DB00806,Pentoxifylline,Pentoxifylline,C13H18N4O3,278.31,BYPFEZZEUUWMEJ-UHFFFAOYSA-N,PubChem_exact_DrugBank_ID,candidate_requires_final_validation,high_candidate,ACCEPT
CID000004748,4748,DB00850,Perphenazine,Perphenazine,C21H26ClN3OS,404.0,RGCVKNLCSQQDEP-UHFFFAOYSA-N,PubChem_exact_DrugBank_ID,candidate_requires_final_validation,high_candidate,ACCEPT
CID000004771,4771,DB00191,Phentermine,Phentermine,C10H15N,149.23,DHHVAGZRUROJKS-UHFFFAOYSA-N,PubChem_exact_DrugBank_ID,candidate_requires_final_validation,high_candidate,ACCEPT
CID000004828,4828,DB00960,Pindolol,Pindolol,C14H20N2O2,248.32,JZQKKSLKJUAGIC-UHFFFAOYSA-N,PubChem_exact_DrugBank_ID,candidate_requires_final_validation,high_candidate,ACCEPT
CID000004829,4829,DB01132,Pioglitazone,Pioglitazone,C19H20N2O3S,356.4,HYAFETHFCAUJAY-UHFFFAOYSA-N,PubChem_exact_DrugBank_ID,candidate_requires_final_validation,high_candidate,ACCEPT
CID000004845,4845,DB01291,Pirbuterol,Pirbuterol,C12H20N2O3,240.3,VQDBNKDJNJQRDG-UHFFFAOYSA-N,PubChem_exact_DrugBank_ID,candidate_requires_final_validation,high_candidate,ACCEPT
CID000004873,4873,DB00761,Potassium chloride,Potassium Chloride,ClK,74.55,WCUXLLCKKVVCTQ-UHFFFAOYSA-M,PubChem_exact_DrugBank_ID,candidate_requires_final_validation,high_candidate,ACCEPT
CID000004893,4893,DB00457,Prazosin,Prazosin,C19H21N5O4,383.4,IENZQIKPVFGBNW-UHFFFAOYSA-N,PubChem_exact_DrugBank_ID,candidate_requires_final_validation,high_candidate,ACCEPT
CID000004909,4909,DB00794,Primidone,Primidone,C12H14N2O2,218.25,DQMZLTXERSFNPB-UHFFFAOYSA-N,PubChem_exact_DrugBank_ID,candidate_requires_final_validation,high_candidate,ACCEPT
CID000004911,4911,DB01032,Probenecid,Probenecid,C13H19NO4S,285.36,DBABZHXKTCFAPX-UHFFFAOYSA-N,PubChem_exact_DrugBank_ID,candidate_requires_final_validation,high_candidate,ACCEPT
CID000004913,4913,DB01035,Procainamide,Procainamide,C13H21N3O,235.33,REQCZEXYDRLIBE-UHFFFAOYSA-N,PubChem_exact_DrugBank_ID,candidate_requires_final_validation,high_candidate,ACCEPT
CID000004917,4917,DB00433,Prochlorperazine,Prochlorperazine,C20H24ClN3S,373.9,WIKYUJGCLQQFNW-UHFFFAOYSA-N,PubChem_exact_DrugBank_ID,candidate_requires_final_validation,high_candidate,ACCEPT
CID000004927,4927,DB01069,Promethazine,Promethazine,C17H20N2S,284.4,PWWVAXIEGOYWEE-UHFFFAOYSA-N,PubChem_exact_DrugBank_ID,candidate_requires_final_validation,high_candidate,ACCEPT
CID000004932,4932,DB01182,Propafenone,Propafenone,C21H27NO3,341.4,JWHAUXFOSRPERK-UHFFFAOYSA-N,PubChem_exact_DrugBank_ID,candidate_requires_final_validation,high_candidate,ACCEPT
CID000004943,4943,DB00818,Propofol,Propofol,C12H18O,178.27,OLBCVFGFOZPWHH-UHFFFAOYSA-N,PubChem_exact_DrugBank_ID,candidate_requires_final_validation,high_candidate,ACCEPT
CID000004946,4946,DB00571,Propranolol,Propranolol,C16H21NO2,259.34,AQHHHDLHHXJYJD-UHFFFAOYSA-N,PubChem_exact_DrugBank_ID,candidate_requires_final_validation,high_candidate,ACCEPT
CID000004991,4991,DB00545,Pyridostigmine,Pyridostigmine,C9H13N2O2+,181.21,RVOLLAQWKVFTGE-UHFFFAOYSA-N,PubChem_exact_DrugBank_ID,candidate_requires_final_validation,high_candidate,ACCEPT
CID000004993,4993,DB00205,Pyrimethamine,Pyrimethamine,C12H13ClN4,248.71,WKSAUQYGYAYLPV-UHFFFAOYSA-N,PubChem_exact_DrugBank_ID,candidate_requires_final_validation,high_candidate,ACCEPT
CID000004999,4999,DB01589,Quazepam,Quazepam,C17H11ClF4N2S,386.8,IKMPWMZBZSAONZ-UHFFFAOYSA-N,PubChem_exact_DrugBank_ID,candidate_requires_final_validation,high_candidate,ACCEPT
CID000005002,5002,DB01224,Quetiapine,Quetiapine,C21H25N3O2S,383.5,URKOMYMAXPYINW-UHFFFAOYSA-N,PubChem_exact_DrugBank_ID,candidate_requires_final_validation,high_candidate,ACCEPT
CID000005029,5029,DB01129,Rabeprazole,Rabeprazole,C18H21N3O3S,359.4,YREYEVIYCVEVJK-UHFFFAOYSA-N,PubChem_exact_DrugBank_ID,candidate_requires_final_validation,high_candidate,ACCEPT
CID000005035,5035,DB00481,Raloxifene,Raloxifene,C28H27NO4S,473.6,GZUITABIAKMVPG-UHFFFAOYSA-N,PubChem_exact_DrugBank_ID,candidate_requires_final_validation,high_candidate,ACCEPT
CID000005070,5070,DB00740,Riluzole,Riluzole,C8H5F3N2OS,234.2,FTALBRSUTCGOEG-UHFFFAOYSA-N,PubChem_exact_DrugBank_ID,candidate_requires_final_validation,high_candidate,ACCEPT
CID000005073,5073,DB00734,Risperidone,Risperidone,C23H27FN4O2,410.5,RAPZEAPATHNIPO-UHFFFAOYSA-N,PubChem_exact_DrugBank_ID,candidate_requires_final_validation,high_candidate,ACCEPT
CID000005078,5078,DB00953,Rizatriptan,Rizatriptan,C15H19N5,269.34,ULFRLSNUDGIQQP-UHFFFAOYSA-N,PubChem_exact_DrugBank_ID,candidate_requires_final_validation,high_candidate,ACCEPT
CID000005090,5090,DB00533,Rofecoxib,Rofecoxib,C17H14O4S,314.4,RZJQGNCSTQAWON-UHFFFAOYSA-N,PubChem_exact_DrugBank_ID,candidate_requires_final_validation,high_candidate,ACCEPT
CID000005095,5095,DB00268,Ropinirole,Ropinirole,C16H24N2O,260.37,UHSKFQJFRQCDBE-UHFFFAOYSA-N,PubChem_exact_DrugBank_ID,candidate_requires_final_validation,high_candidate,ACCEPT
CID000005152,5152,DB00938,Salmeterol,Salmeterol,C25H37NO4,415.6,GIIZNNXWQWCKIB-UHFFFAOYSA-N,PubChem_exact_DrugBank_ID,candidate_requires_final_validation,high_candidate,ACCEPT
CID000005206,5206,DB01236,Sevoflurane,Sevoflurane,C4H3F7O,200.05,DFEYYRMXOJXZRJ-UHFFFAOYSA-N,PubChem_exact_DrugBank_ID,candidate_requires_final_validation,high_candidate,ACCEPT
CID000005210,5210,DB01105,Sibutramine,Sibutramine,C17H26ClN,279.8,UNAANXDKBXWMLN-UHFFFAOYSA-N,PubChem_exact_DrugBank_ID,candidate_requires_final_validation,high_candidate,ACCEPT
CID000005215,5215,DB00359,Sulfadiazine,Sulfadiazine,C10H10N4O2S,250.28,SEEPANYCNGTZFQ-UHFFFAOYSA-N,PubChem_exact_DrugBank_ID,candidate_requires_final_validation,high_candidate,ACCEPT
CID000005234,5234,DB09153,Sodium chloride,Sodium Chloride,ClNa,58.44,FAPWRFPIFSIZLT-UHFFFAOYSA-M,PubChem_exact_DrugBank_ID,candidate_requires_final_validation,high_candidate,ACCEPT
CID000005245,5245,DB00884,Risedronic acid,Risedronate,C7H11NO7P2,283.11,IIDJRNMFWXDHID-UHFFFAOYSA-N,PubChem_exact_DrugBank_ID,candidate_requires_final_validation,high_candidate,ACCEPT
CID000005253,5253,DB00489,Sotalol,Sotalol,C12H20N2O3S,272.37,ZBMZVLHSJCTVON-UHFFFAOYSA-N,PubChem_exact_DrugBank_ID,candidate_requires_final_validation,high_candidate,ACCEPT
CID000005291,5291,DB00619,Imatinib,Imatinib,C29H31N7O,493.6,KTUFNOKKBVMGRW-UHFFFAOYSA-N,PubChem_exact_DrugBank_ID,candidate_requires_final_validation,high_candidate,ACCEPT
CID000005358,5358,DB00669,Sumatriptan,Sumatriptan,C14H21N3O2S,295.4,KQKPFRSPSRPDEB-UHFFFAOYSA-N,PubChem_exact_DrugBank_ID,candidate_requires_final_validation,high_candidate,ACCEPT
CID000005379,5379,DB01044,Gatifloxacin,Gatifloxacin,C19H22FN3O4,375.4,XUBOMFCQGDBHNK-UHFFFAOYSA-N,PubChem_exact_DrugBank_ID,candidate_requires_final_validation,high_candidate,ACCEPT
CID000005381,5381,DB00799,Tazarotene,Tazarotene,C21H21NO2S,351.5,OGQICQVSFDPSEI-UHFFFAOYSA-N,PubChem_exact_DrugBank_ID,candidate_requires_final_validation,high_candidate,ACCEPT
CID000005391,5391,DB00231,Temazepam,Temazepam,C16H13ClN2O2,300.74,SEQDDYPDSLOBDC-UHFFFAOYSA-N,PubChem_exact_DrugBank_ID,candidate_requires_final_validation,high_candidate,ACCEPT
CID000005394,5394,DB00853,Temozolomide,Temozolomide,C6H6N6O2,194.15,BPEGJWRSRHCHSN-UHFFFAOYSA-N,PubChem_exact_DrugBank_ID,candidate_requires_final_validation,high_candidate,ACCEPT
CID000005401,5401,DB01162,Terazosin,Terazosin,C19H25N5O4,387.4,VCKUSRYTPJJLNI-UHFFFAOYSA-N,PubChem_exact_DrugBank_ID,candidate_requires_final_validation,high_candidate,ACCEPT
CID000005426,5426,DB01041,Thalidomide,Thalidomide,C13H10N2O4,258.23,UEJJHQNACJXSKW-UHFFFAOYSA-N,PubChem_exact_DrugBank_ID,candidate_requires_final_validation,high_candidate,ACCEPT
CID000005453,5453,DB04572,Thiotepa,Thiotepa,C6H12N3PS,189.22,FOCVUCIESVLUNU-UHFFFAOYSA-N,PubChem_exact_DrugBank_ID,candidate_requires_final_validation,high_candidate,ACCEPT
CID000005472,5472,DB00208,Ticlopidine,Ticlopidine,C14H14ClNS,263.8,PHWBOXQYWZNQIN-UHFFFAOYSA-N,PubChem_exact_DrugBank_ID,candidate_requires_final_validation,high_candidate,ACCEPT
CID000005482,5482,DB01007,Tioconazole,Tioconazole,C16H13Cl3N2OS,387.7,QXHHHPZILQDDPS-UHFFFAOYSA-N,PubChem_exact_DrugBank_ID,candidate_requires_final_validation,high_candidate,ACCEPT
CID000005487,5487,DB00697,Tizanidine,Tizanidine,C9H8ClN5S,253.71,XFYDIVBRZNQMJC-UHFFFAOYSA-N,PubChem_exact_DrugBank_ID,candidate_requires_final_validation,high_candidate,ACCEPT
CID000005505,5505,DB01124,Tolbutamide,Tolbutamide,C12H18N2O3S,270.35,JLRGJRBPOGGCBT-UHFFFAOYSA-N,PubChem_exact_DrugBank_ID,candidate_requires_final_validation,high_candidate,ACCEPT
CID000005530,5530,DB00752,Tranylcypromine,Tranylcypromine,C9H11N,133.19,AELCINSCMGFISI-UHFFFAOYSA-N,PubChem_exact_DrugBank_ID,candidate_requires_final_validation,high_candidate,ACCEPT
CID000005533,5533,DB00656,Trazodone,Trazodone,C19H22ClN5O,371.9,PHLBKPHSAVXXEF-UHFFFAOYSA-N,PubChem_exact_DrugBank_ID,candidate_requires_final_validation,high_candidate,ACCEPT
CID000005556,5556,DB00897,Triazolam,Triazolam,C17H12Cl2N4,343.2,JOFWLTCLBGQGBO-UHFFFAOYSA-N,PubChem_exact_DrugBank_ID,candidate_requires_final_validation,high_candidate,ACCEPT
CID000005572,5572,DB00376,Trihexyphenidyl,Trihexyphenidyl,C20H31NO,301.5,HWHLPVGTWGOCJO-UHFFFAOYSA-N,PubChem_exact_DrugBank_ID,candidate_requires_final_validation,high_candidate,ACCEPT
CID000005578,5578,DB00440,Trimethoprim,Trimethoprim,C14H18N4O3,290.32,IEDVJHCEMCRBQM-UHFFFAOYSA-N,PubChem_exact_DrugBank_ID,candidate_requires_final_validation,high_candidate,ACCEPT
CID000005584,5584,DB00726,Trimipramine,Trimipramine,C20H26N2,294.4,ZSCDBOWYZJWBIY-UHFFFAOYSA-N,PubChem_exact_DrugBank_ID,candidate_requires_final_validation,high_candidate,ACCEPT
CID000005593,5593,DB00809,Tropicamide,Tropicamide,C17H20N2O2,284.35,BGDKAVGWHJFAGW-UHFFFAOYSA-N,PubChem_exact_DrugBank_ID,candidate_requires_final_validation,high_candidate,ACCEPT
CID000005656,5656,DB00285,Venlafaxine,Venlafaxine,C17H27NO2,277.4,PNVNVHUZROJLTJ-UHFFFAOYSA-N,PubChem_exact_DrugBank_ID,candidate_requires_final_validation,high_candidate,ACCEPT
CID000005717,5717,DB00549,Zafirlukast,Zafirlukast,C31H33N3O6S,575.7,YEEZWCHGZNKEEK-UHFFFAOYSA-N,PubChem_exact_DrugBank_ID,candidate_requires_final_validation,high_candidate,ACCEPT
CID000005719,5719,DB00962,Zaleplon,Zaleplon,C17H15N5O,305.33,HUNXMJYCHXQEGX-UHFFFAOYSA-N,PubChem_exact_DrugBank_ID,candidate_requires_final_validation,high_candidate,ACCEPT
CID000005732,5732,DB00425,Zolpidem,Zolpidem,C19H21N3O,307.4,ZAFYATHCZYHLPB-UHFFFAOYSA-N,PubChem_exact_DrugBank_ID,candidate_requires_final_validation,high_candidate,ACCEPT
CID000005734,5734,DB00909,Zonisamide,Zonisamide,C8H8N2O3S,212.23,UBQNRHZMVUUOMG-UHFFFAOYSA-N,PubChem_exact_DrugBank_ID,candidate_requires_final_validation,high_candidate,ACCEPT
CID000005735,5735,DB01198,Zopiclone,Zopiclone,C17H17ClN6O3,388.8,GBBSUAFBMRNDJC-UHFFFAOYSA-N,PubChem_exact_DrugBank_ID,candidate_requires_final_validation,high_candidate,ACCEPT
CID000005746,5746,DB00305,Mitomycin,Mitomycin C,C15H18N4O5,334.33,NWIBSHFKIJFRCO-WUDYKRTCSA-N,PubChem_exact_DrugBank_ID,candidate_requires_final_validation,high_candidate,ACCEPT
CID000005878,5878,DB00621,Oxandrolone,Oxandrolone,C19H30O3,306.4,QSLJIVKCVHQPLV-PEMPUTJUSA-N,PubChem_exact_DrugBank_ID,candidate_requires_final_validation,high_candidate,ACCEPT
CID000005978,5978,DB00541,Vincristine,Vincristine,C46H56N4O10,825.0,OGWKCGZFUXNPDA-XQKSVPLYSA-N,PubChem_exact_DrugBank_ID,candidate_requires_final_validation,high_candidate,ACCEPT
CID000009433,9433,DB01223,Aminophylline,Aminophylline,C16H24N10O4,420.43,FQPFAHBPWDRTLU-UHFFFAOYSA-N,PubChem_exact_DrugBank_ID,candidate_requires_final_validation,high_candidate,ACCEPT
CID000012620,12620,DB00632,Docosanol,Behenyl Alcohol,C22H46O,326.6,NOPFSRXAKWQILS-UHFFFAOYSA-N,PubChem_exact_DrugBank_ID,candidate_requires_final_validation,high_candidate,ACCEPT
CID000013342,13342,DB00570,Vinblastine,Vinblastine,C46H58N4O9,811.0,JXLYSJRDGCGARV-CFWMRBGOSA-N,PubChem_exact_DrugBank_ID,candidate_requires_final_validation,high_candidate,ACCEPT
CID000014888,14888,DB01169,Arsenic trioxide,Arsenic Trioxide,As2O3,197.841,QTLQKAJBUDWPIB-UHFFFAOYSA-N,PubChem_exact_DrugBank_ID,candidate_requires_final_validation,high_candidate,ACCEPT
CID000016231,16231,DB00594,Amiloride,Amiloride,C6H8ClN7O,229.63,XSDQTOBWRPYKKA-UHFFFAOYSA-N,PubChem_exact_DrugBank_ID,candidate_requires_final_validation,high_candidate,ACCEPT
CID000027661,27661,DB01020,Isosorbide mononitrate,Isosorbide Mononitrate,C6H9NO6,191.14,YWXYYJSYQOXTPL-SLPGGIOYSA-N,PubChem_exact_DrugBank_ID,candidate_requires_final_validation,high_candidate,ACCEPT
CID000034312,34312,DB00776,Oxcarbazepine,Oxcarbazepine,C15H12N2O2,252.27,CTRLABGOLIVAIY-UHFFFAOYSA-N,PubChem_exact_DrugBank_ID,candidate_requires_final_validation,high_candidate,ACCEPT
CID000036811,36811,DB00841,Dobutamine,Dobutamine,C18H23NO3,301.4,JRWZLRBJNMZMFE-UHFFFAOYSA-N,PubChem_exact_DrugBank_ID,candidate_requires_final_validation,high_candidate,ACCEPT
CID000039765,39765,DB01339,Vecuronium,Vecuronium,C34H57N2O4+,557.8,BGSZAXLLHYERSY-XQIGCQGXSA-N,PubChem_exact_DrugBank_ID,candidate_requires_final_validation,high_candidate,ACCEPT
CID000041693,41693,DB00708,Sufentanil,Sufentanil,C22H30N2O2S,386.6,GGCSSNBKKAUURC-UHFFFAOYSA-N,PubChem_exact_DrugBank_ID,candidate_requires_final_validation,high_candidate,ACCEPT
CID000041781,41781,DB00214,Torasemide,Torasemide,C16H20N4O3S,348.4,NGBFQHCMQULJNZ-UHFFFAOYSA-N,PubChem_exact_DrugBank_ID,candidate_requires_final_validation,high_candidate,ACCEPT
CID000042113,42113,DB01189,Desflurane,Desflurane,C3H2F6O,168.04,DPYMFVXJLLWWEU-UHFFFAOYSA-N,PubChem_exact_DrugBank_ID,candidate_requires_final_validation,high_candidate,ACCEPT
CID000047320,47320,DB00732,Atracurium besylate,Atracurium Besylate,C65H82N2O18S2,1243.5,XXZSQOVSEBAPGS-UHFFFAOYSA-L,PubChem_exact_DrugBank_ID,candidate_requires_final_validation,high_candidate,ACCEPT
CID000051263,51263,DB00802,Alfentanil,Alfentanil,C21H32N6O3,416.5,IDBPHNDTYPBSNI-UHFFFAOYSA-N,PubChem_exact_DrugBank_ID,candidate_requires_final_validation,high_candidate,ACCEPT
CID000051634,51634,DB00419,Miglustat,Miglustat,C10H21NO4,219.28,UQRORFVVSGFNRO-UTINFBMNSA-N,PubChem_exact_DrugBank_ID,candidate_requires_final_validation,high_candidate,ACCEPT
CID000054454,54454,DB00641,Simvastatin,Simvastatin,C25H38O5,418.6,RYMZZMVNJRMUDD-HGQWONQESA-N,PubChem_exact_DrugBank_ID,candidate_requires_final_validation,high_candidate,ACCEPT
CID000059708,59708,DB11868,Etiracetam,alpha-ethyl-2-oxo-1-Pyrrolidineacetamide,C8H14N2O2,170.21,HPHUVLMMVZITSG-UHFFFAOYSA-N,PubChem_exact_DrugBank_ID,candidate_requires_final_validation,high_candidate,ACCEPT
CID000060795,60795,DB01238,Aripiprazole,Aripiprazole,C23H27Cl2N3O2,448.4,CEUORZQYGODEFX-UHFFFAOYSA-N,PubChem_exact_DrugBank_ID,candidate_requires_final_validation,high_candidate,ACCEPT
CID000060815,60815,DB00899,Remifentanil,Remifentanil,C20H28N2O5,376.4,ZTVQQQVZCWLTDF-UHFFFAOYSA-N,PubChem_exact_DrugBank_ID,candidate_requires_final_validation,high_candidate,ACCEPT
CID000060852,60852,DB00710,Ibandronate,Ibandronate,C9H23NO7P2,319.23,MPBVHIBUJCELCL-UHFFFAOYSA-N,PubChem_exact_DrugBank_ID,candidate_requires_final_validation,high_candidate,ACCEPT
CID000060877,60877,DB00879,Emtricitabine,Emtricitabine,C8H10FN3O3S,247.25,XQSPYNMVSIKCOC-NTSWFWBYSA-N,PubChem_exact_DrugBank_ID,candidate_requires_final_validation,high_candidate,ACCEPT
CID000060953,60953,DB01101,Capecitabine,Capecitabine,C15H22FN3O6,359.35,GAGWJHPBXLXJQN-UORFTKCHSA-N,PubChem_exact_DrugBank_ID,candidate_requires_final_validation,high_candidate,ACCEPT
CID000065999,65999,DB00966,Telmisartan,Telmisartan,C33H30N4O2,514.6,RMMXLENWKUUMAY-UHFFFAOYSA-N,PubChem_exact_DrugBank_ID,candidate_requires_final_validation,high_candidate,ACCEPT
CID000071329,71329,DB00204,Dofetilide,Dofetilide,C19H27N3O5S2,441.6,IXTMWRCNAAVVAI-UHFFFAOYSA-N,PubChem_exact_DrugBank_ID,candidate_requires_final_validation,high_candidate,ACCEPT
CID000071616,71616,DB00582,Voriconazole,Voriconazole,C16H14F3N5O,349.31,BCEHBSKCWLPMDN-MGPLVRAMSA-N,PubChem_exact_DrugBank_ID,candidate_requires_final_validation,high_candidate,ACCEPT
CID000077992,77992,DB00998,Frovatriptan,Frovatriptan,C14H17N3O,243.3,XPSQPHWEGNHMSK-SECBINFHSA-N,PubChem_exact_DrugBank_ID,candidate_requires_final_validation,high_candidate,ACCEPT
CID000077993,77993,DB00216,Eletriptan,Eletriptan,C22H26N2O2S,382.5,PWVXXGRKLHYWKM-LJQANCHMSA-N,PubChem_exact_DrugBank_ID,candidate_requires_final_validation,high_candidate,ACCEPT
CID000104741,104741,DB00947,Fulvestrant,Fulvestrant,C32H47F5O3S,606.8,VWUXBMIQPBEWFH-WCCTWKNTSA-N,PubChem_exact_DrugBank_ID,candidate_requires_final_validation,high_candidate,ACCEPT
CID000110635,110635,DB00820,Tadalafil,Tadalafil,C22H19N3O4,389.4,WOXKDUGGOYFFRN-IIBYNOLFSA-N,PubChem_exact_DrugBank_ID,candidate_requires_final_validation,high_candidate,ACCEPT
CID000119182,119182,DB00631,Clofarabine,Clofarabine,C10H11ClFN5O3,303.68,WDDPHFBMKLOVOX-AYQXTPAHSA-N,PubChem_exact_DrugBank_ID,candidate_requires_final_validation,high_candidate,ACCEPT
CID000119607,119607,DB00580,Valdecoxib,Valdecoxib,C16H14N2O3S,314.4,LNPDTQAFDNKSHK-UHFFFAOYSA-N,PubChem_exact_DrugBank_ID,candidate_requires_final_validation,high_candidate,ACCEPT
CID000125017,125017,DB06700,Desvenlafaxine,Desvenlafaxine,C16H25NO2,263.37,KYYIDSXMWOZKMP-UHFFFAOYSA-N,PubChem_exact_DrugBank_ID,candidate_requires_final_validation,high_candidate,ACCEPT
CID000131536,131536,DB01319,Fosamprenavir,Fosamprenavir,C25H36N3O9PS,585.6,MLBVMOWEQCZNCC-OEMFJLHTSA-N,PubChem_exact_DrugBank_ID,candidate_requires_final_validation,high_candidate,ACCEPT
CID000148192,148192,DB01072,Atazanavir,Atazanavir,C38H52N6O7,704.9,AXRYRYVKAWYZBR-GASGPIRDSA-N,PubChem_exact_DrugBank_ID,candidate_requires_final_validation,high_candidate,ACCEPT
CID000150311,150311,DB00973,Ezetimibe,Ezetimibe,C24H21F2NO3,409.4,OLNTVTPDXPETLC-XPWALMASSA-N,PubChem_exact_DrugBank_ID,candidate_requires_final_validation,high_candidate,ACCEPT
CID000150610,150610,DB00303,Ertapenem,Ertapenem,C22H25N3O7S,475.5,JUZNIMUFDBIJCM-ANEDZVCMSA-N,PubChem_exact_DrugBank_ID,candidate_requires_final_validation,high_candidate,ACCEPT
CID000213039,213039,DB01264,Darunavir,Darunavir,C27H37N3O7S,547.7,CJBJHOAVZSMMDJ-HEXNFIEUSA-N,PubChem_exact_DrugBank_ID,candidate_requires_final_validation,high_candidate,ACCEPT
CID000444013,444013,DB00538,Gadoversetamide,Gadoversetamide,C20H34GdN5O10,661.8,HBEAOBRDTOXWRZ-UHFFFAOYSA-K,PubChem_exact_DrugBank_ID,candidate_requires_final_validation,high_candidate,ACCEPT
CID000667490,667490,DB01033,Mercaptopurine,6-Mercaptopurine,C5H4N4S,152.18,GLVAUDGFNGKCSF-UHFFFAOYSA-N,PubChem_exact_DrugBank_ID,candidate_requires_final_validation,high_candidate,ACCEPT
CID001349907,1349907,DB00763,Methimazole,Methimazole,C4H6N2S,114.17,PMRYVIKBURPHAH-UHFFFAOYSA-N,PubChem_exact_DrugBank_ID,candidate_requires_final_validation,high_candidate,ACCEPT
CID003002190,3002190,DB00976,Telithromycin,Telithromycin,C43H65N5O10,812.0,LJVAJPDWBABPEJ-PNUFFHFMSA-N,PubChem_exact_DrugBank_ID,candidate_requires_final_validation,high_candidate,ACCEPT
CID003062316,3062316,DB01254,Dasatinib,Dasatinib,C22H26ClN7O2S,488.0,ZBNZXTGUTAYRHI-UHFFFAOYSA-N,PubChem_exact_DrugBank_ID,candidate_requires_final_validation,high_candidate,ACCEPT
CID005281104,5281104,DB00910,Paricalcitol,Paricalcitol,C27H44O3,416.6,BPKAHTKRCLCHEA-UBFJEZKGSA-N,PubChem_exact_DrugBank_ID,candidate_requires_final_validation,high_candidate,ACCEPT
CID005311027,5311027,DB00905,Bimatoprost,Bimatoprost,C25H37NO4,415.6,AQOKCDNYWBIDND-FTOWTWDKSA-N,PubChem_exact_DrugBank_ID,candidate_requires_final_validation,high_candidate,ACCEPT
CID005329102,5329102,DB01268,Sunitinib,Sunitinib,C22H27FN4O2,398.5,WINHZLLDWRZWRT-ATVHPVEESA-N,PubChem_exact_DrugBank_ID,candidate_requires_final_validation,high_candidate,ACCEPT
CID005481350,5481350,DB00300,Tenofovir disoproxil,Tenofovir Disoproxil,C19H30N5O10P,519.4,JFVZFKDSXNQEJW-CQSZACIVSA-N,PubChem_exact_DrugBank_ID,candidate_requires_final_validation,high_candidate,ACCEPT
CID006436173,6436173,DB01220,Rifaximin,Rifaximin,C43H51N3O11,785.9,NZCRJKRKKOLAOJ-XRCRFVBUSA-N,PubChem_exact_DrugBank_ID,candidate_requires_final_validation,high_candidate,ACCEPT
